type,metric,n_pairs,diff,ci95,significant
all,context_precision,62,-0.129,"[-0.206, -0.048]",True
all,faithfulness,51,-0.0303,"[-0.080, 0.020]",False
all,answer_relevancy,62,-0.003,"[-0.090, 0.082]",False
all,hallucination_rate,62,0.0968,"[-0.048, 0.226]",False
all,answer_correctness,62,-0.0323,"[-0.145, 0.081]",False
single,context_precision,27,-0.0556,"[-0.176, 0.074]",False
single,faithfulness,22,-0.0273,"[-0.098, 0.047]",False
single,answer_relevancy,27,-0.0627,"[-0.188, 0.060]",False
single,hallucination_rate,27,0.1481,"[-0.074, 0.370]",False
single,answer_correctness,27,-0.1111,"[-0.259, 0.037]",False
multihop,context_precision,35,-0.1857,"[-0.279, -0.100]",True
multihop,faithfulness,29,-0.0325,"[-0.093, 0.033]",False
multihop,answer_relevancy,35,0.0432,"[-0.060, 0.159]",False
multihop,hallucination_rate,35,0.0571,"[-0.114, 0.229]",False
multihop,answer_correctness,35,0.0286,"[-0.114, 0.171]",False
unanswerable,answer_relevancy,23,0.0,"[0.000, 0.000]",False
unanswerable,hallucination_rate,23,0.0,"[0.000, 0.000]",False
unanswerable,answer_correctness,23,0.0,"[0.000, 0.000]",False
