system,id,type,question,answer,latency_s,llm_calls,refusal,n_chunks,context_precision,context_ap,source_precision,retrieval_hit,gold_chunk_recall,context_recall,n_claims,n_unsupported,faithfulness,hallucination,faithfulness_text,hallucination_text,answer_relevancy,answer_correctness,kg_relation_precision
vector_rag,q001,single,What is Shor's algorithm and how does it impact the security of current cryptographic systems?,"Shor's algorithm is a quantum algorithm that can efficiently factor large numbers, a task that is computationally infeasible for classical computers. This capability threatens the security of widely used public-key encryption schemes like RSA, which rely on the difficulty of factoring large integers. By reducing the computational complexity to polynomial time, Shor's algorithm can break these systems, making current cryptographic methods vulnerable to quantum attacks.",21.09,1,0,4,1.0,1.0,0.0,0.0,0.0,0.75,6,1,0.8333333333333334,1,0.8333333333333334,1,0.8803037713473496,1,
vector_rag,q005,single,Does Libsodium support any NIST PQC finalist algorithms as of its latest release in the 1.0.x series?,"No, Libsodium does not include support for any of the NIST PQC finalist algorithms in its 1.0.x series.",10.82,1,0,4,0.75,0.8055555555555555,1.0,1.0,1.0,1.0,2,0,1.0,0,1.0,0,0.9651342287460318,1,
vector_rag,q006,single,What type of QGAN was designed to generate classical image data using linear optical circuits and Fock-space encoding?,"A photonic QGAN was designed to generate classical image data using linear optical circuits and Fock-space encoding, implemented on a photonic processor (Quandela’s Ascella).",8.5,1,0,4,0.75,0.8055555555555555,1.0,1.0,1.0,1.0,6,0,1.0,0,1.0,0,0.7415114302483907,1,
vector_rag,q007,single,What is the role of the quantum feature map in QSVM?,"The quantum feature map in QSVM embeds data into a quantum feature space, utilizing the parallel processing capabilities of quantum computers. This process helps in identifying a hyperplane that separates different data classes more efficiently than constructing a high-dimensional feature space classically.",9.65,1,0,4,0.25,0.25,0.5,1.0,1.0,0.8571428571428571,3,0,1.0,0,1.0,0,0.8928179924483951,1,
vector_rag,q011,single,Which conventional public key cryptography methods are described as susceptible to quantum risks in the survey of pre- versus post-quantum security for 5G-enabled IoT?,"The survey describes conventional public key cryptography methods such as RSA, Diffie-Hellman, Secret Sharing, and Elliptic Curve Cryptography (ECC) as susceptible to quantum risks.",10.05,1,0,4,0.0,0.0,1.0,1.0,1.0,1.0,5,0,1.0,0,1.0,0,0.7737708387705736,1,
vector_rag,q015,single,"In side-channel attacks on Kyber with an imperfect plaintext-checking oracle, how much of the Kyber-512 secret key was recovered by applying the CPA attack twice, and with how many power traces?","The CPA attack applied twice could recover 60% of the Kyber-512 secret key at the cost of about 1619 power traces, according to the provided context.",10.95,1,0,4,0.5,0.5833333333333333,1.0,1.0,1.0,1.0,5,1,0.8,1,0.8,1,0.8660695399126328,1,
vector_rag,q017,single,How are technology service providers using quantum resilience as a selling point?,"Technology service providers are using quantum resilience as a selling point by integrating Post-Quantum Cryptography (PQC) into their products. For example, certain Virtual Private Network (VPN) and secure communications products advertise their quantum-safe capabilities. Cloud companies like AWS, IBM, and Microsoft have also released tools for experimenting with PQC in their platforms.",11.05,1,0,4,0.25,1.0,0.5,1.0,1.0,1.0,4,0,1.0,0,1.0,0,0.7668333557134713,1,
vector_rag,q022,single,"What accuracy does the scalable quantum convolutional neural network (QCNN) achieve on MNIST, and with how many trainable parameters?",The scalable QCNN achieves 98.7% accuracy on the MNIST dataset using only 45 independent rotational parameters (θ).,9.58,1,0,4,0.75,1.0,1.0,1.0,1.0,0.8,2,0,1.0,0,1.0,0,0.8244910747840639,1,
vector_rag,q044,single,"In the network-centric Harvest-Now, Decrypt-Later (HNDL) model, what information besides application data is included in harvested ciphertext?",I cannot find the answer in the provided documents.,8.55,1,1,4,0.0,0.0,0.25,1.0,0.0,0.0,0,0,,0,,0,0.0,0,
vector_rag,q049,single,"In CRYSTALS-Kyber, how is the shared key K derived during encapsulation?",I cannot find the answer in the provided documents.,7.87,1,1,4,0.0,0.0,0.25,1.0,0.0,0.2857142857142857,0,0,,0,,0,0.0,0,
vector_rag,q057,single,How is the state of a qubit defined in terms of probability amplitudes?,"The state of a qubit is defined in terms of probability amplitudes α and β, where the qubit is represented as |ψ⟩ = α|0⟩ + β|1⟩. These amplitudes must satisfy the constraint |α|² + |β|² = 1, ensuring the total probability is conserved.",12.45,1,0,4,0.75,0.6388888888888888,0.25,1.0,1.0,1.0,4,1,0.75,1,0.75,1,0.8043957587660203,1,
vector_rag,q061,single,"What specific vulnerability was exploited in the July 2022 cryptanalytic breakthrough against SIDH/SIKE, and how was it carried out?","The July 2022 cryptanalytic breakthrough against SIDH/SIKE exploited the public exposure of torsion point images and the use of starting elliptic curves with known endomorphism rings. Castryck and Decru applied Kani’s reducibility criterion to reconstruct the secret isogeny, achieving classical key recovery in approximately one hour on standard hardware.",10.91,1,0,4,0.5,0.41666666666666663,0.5,1.0,1.0,1.0,6,0,1.0,0,1.0,0,0.7445511309385765,0,
vector_rag,q062,single,What technique can be used in a blockchain-IoT environment to obscure the information of the sender transferring coins?,Ring signatures can be used in a blockchain-IoT environment to obscure the information of the sender transferring coins.,9.01,1,0,4,0.75,0.9166666666666666,1.0,1.0,1.0,0.8,3,0,1.0,0,1.0,0,0.7434606828994129,1,
vector_rag,q063,single,What are the advantages and the main challenge of NV centers in diamond as a qubit technology?,"Advantages of NV centers in diamond include long coherence times and the ability to operate at room temperature. The main challenge is scaling them to large, controllable registers due to the difficulty of precise and reliable manufacturing.",9.75,1,0,4,0.5,1.0,1.0,1.0,1.0,1.0,4,0,1.0,0,1.0,0,0.8446270638692089,1,
vector_rag,q064,single,"Which physical effect was exploited in a 2019 jamming attack against QKD, and what was its impact?","The Faraday effect was exploited in a 2019 jamming attack against QKD, as described by Daschner et al. [50]. This attack increased the Quantum Bit Error Rate (QBER) and halted key exchange.",9.93,1,0,4,0.5,1.0,1.0,1.0,1.0,1.0,3,0,1.0,0,1.0,0,0.7649308636858048,1,
vector_rag,q065,single,"What scheme is proposed in 2022 for dynamically allocating key resources in QKD networks, and what technology is used to realize this scheme?","In 2022, a Dynamic-On-Demand Key Allocation (DDKA) scheme for Quantum Key Distribution Networks (QKDN) was proposed. This scheme uses Software-Defined Networking (SDN) technology to dynamically allocate key resources based on application requests.",10.55,1,0,4,0.25,1.0,1.0,1.0,1.0,0.8,4,0,1.0,0,1.0,0,0.8507845158269598,1,
vector_rag,q066,single,"How is the trojan gate attack on quantum circuit models for 6G resource allocation constructed, and why is it stealthy?","The trojan gate attack on quantum circuit models for 6G resource allocation is constructed by integrating adversarial perturbations in subcircuits into regions of the model with limited error detection capabilities. This makes it difficult to attribute errors to malicious interference, enhancing the stealthiness of the attack due to the natural presence of noise and decoherence in quantum systems.",10.74,1,0,4,0.5,0.75,0.5,1.0,1.0,1.0,4,0,1.0,0,1.0,0,0.8803365334299057,1,
vector_rag,q067,single,"In the hybrid QNN and QSVM pipeline for real-time network traffic monitoring, what accuracies and alerting latency were achieved?","In the hybrid QNN and QSVM pipeline for real-time network traffic monitoring, the QNN achieved 96% accuracy in anomaly detection, and the QSVM achieved 93% accuracy, with the average alerting latency being near-instant at 10 ms.",11.03,1,0,4,0.75,0.6388888888888888,1.0,1.0,1.0,0.75,3,0,1.0,0,1.0,0,0.9025284293356544,1,
vector_rag,q068,single,Why is quantum key distribution (QKD) considered provably secure against eavesdropping?,"Quantum key distribution (QKD) is considered provably secure against eavesdropping because its security is based on the fundamental laws of physics, specifically the principles of quantum mechanics. Any attempt by an eavesdropper (Eve) to intercept the quantum signals will introduce measurable errors due to the disturbance of quantum states, which can be detected by the communicating parties.",10.5,1,0,4,0.75,0.9166666666666666,0.0,0.0,0.0,1.0,6,0,1.0,0,1.0,0,0.8152878254269437,1,
vector_rag,q082,single,"Under the Harvest-Now, Decrypt-Later (HNDL) model, what is the status of encrypted data transmitted or stored today without quantum resistance?","Under the Harvest-Now, Decrypt-Later (HNDL) model, encrypted data transmitted or stored today without quantum resistance faces a significant risk of being retroactively decrypted in the future when quantum computers become powerful enough to break the current encryption.",10.0,1,0,4,0.75,0.9166666666666666,0.25,1.0,0.0,0.8,4,0,1.0,0,1.0,0,0.7415269832619371,1,
vector_rag,q092,single,"When should organizations begin post-quantum cryptography migration, and why is waiting for Q-Day an error?","Organizations should begin post-quantum cryptography (PQC) migration now, ideally in 2025-2026, to complete before Q-Day (estimated 2030 ± 5 years). Waiting for Q-Day is an error because it requires 2-5 years for most organizations to migrate their entire cryptographic infrastructure, and additional time is needed for supply chain coordination and legacy system constraints. Data encrypted today remains sensitive throughout the transition period, emphasizing the need for immediate action.",11.95,1,0,4,0.25,1.0,1.0,1.0,1.0,0.8571428571428571,9,0,1.0,0,1.0,0,0.86935846058285,1,
vector_rag,s001,single,"In variational quantum circuits, what name is given in quantum simulation to the approach that uses parametrized random circuits of varying depth?","In quantum simulation, the approach that uses parametrized random circuits of varying depth is referred to as a ""hardware efficient ansatz"".",9.14,1,0,4,0.25,1.0,0.25,1.0,1.0,0.6666666666666666,2,0,1.0,0,1.0,0,0.868104644674368,1,
vector_rag,s002,single,"Which states are used in the Vacuum+Weak decoy-state method for quantum key distribution, and what do Alice and Bob gain by measuring the decoy states?","In the Vacuum+Weak decoy-state method, Alice uses three states: the vacuum state, a weak decoy state with very low intensity (µdecoy ≪ 1), and a signal state with moderate intensity (µ = O(1)). By measuring the yields and QBER of these decoy states, Alice and Bob can obtain reliable bounds on the error rate and photon number distribution, which allows them to surpass previous QKD results and ensure the security of their quantum key distribution.",12.31,1,0,4,0.75,0.6388888888888888,1.0,1.0,1.0,0.6666666666666666,8,2,0.75,1,0.75,1,0.8831711291675699,1,
vector_rag,s004,single,"In Shor's quantum algorithm for discrete logarithms, with what probability is each good (c, d) pair generated, and what fraction of the possible c values belong to a good pair?","In Shor's quantum algorithm for discrete logarithms, each good (c, d) pair occurs with a probability of at least 1/3r². Additionally, only one-twelfth of all possible c values generate a good pair.",12.13,1,0,4,0.5,0.41666666666666663,0.75,1.0,0.0,0.5,2,1,0.5,1,0.5,1,0.9539552436104056,0,
vector_rag,s005,single,"Why is it difficult to foresee the future applications of quantum computing, and what recent industry trend surprised many quantum researchers in academia?","It is difficult to foresee the future applications of quantum computing due to the unique nature of the technology, which makes it challenging to project when these applications will come to fruition. This uncertainty has been surprised by many quantum researchers in academia, as there has been a sudden and unexpected surge of industrial investment in the field, happening sooner than most expected.",9.7,1,0,4,0.5,1.0,0.75,1.0,1.0,1.0,4,0,1.0,0,1.0,0,0.7921490474758349,1,
vector_rag,s006,single,"In quantum public key distribution with polarized photons (BB84), how do Alice and Bob test for eavesdropping, and how are the remaining bits used?","Alice and Bob test for eavesdropping by publicly comparing some of the bits on which they think they should agree, using a random subset (about one third) of the correctly received bits. If all comparisons agree, they conclude the transmission was free of significant eavesdropping. The remaining bits that were sent and received with the same basis and agreed upon can be used as a one-time pad for secure communications.",12.1,1,0,4,0.25,1.0,0.75,1.0,1.0,1.0,4,0,1.0,0,1.0,0,0.6972466896804496,1,
vector_rag,s007,single,"How do local parameter-update optimizers for variational quantum algorithms work, and what has been proposed to speed up their convergence?",Local parameter-update optimizers for variational quantum algorithms perform updates sequentially over all parameters or subsets of parameters. A variation using Anderson acceleration has been proposed to speed up convergence.,10.47,1,0,4,0.5,0.41666666666666663,1.0,1.0,1.0,0.8333333333333334,2,0,1.0,0,1.0,0,0.8441786711702304,1,
vector_rag,m001,multihop,"How do concerns about harvest-now-decrypt-later (HNDL) attacks differ between security professionals and profit-motivated cybercriminals, and which kinds of data are considered prime targets for HNDL?",I cannot find the answer in the provided documents.,6.89,1,1,4,1.0,1.0,0.25,0.0,0.0,0.6666666666666666,0,0,,0,,0,0.0,0,
vector_rag,m003,multihop,"What role does Quantum Random Number Generation (QRNG) play in quantum key distribution (QKD), and how far has QKD technology progressed toward real-world deployment?","Quantum Random Number Generation (QRNG) plays a crucial role in QKD by providing truly unpredictable keys, enhancing the security of cryptographic systems. QKD technology has progressed significantly, moving from theoretical concepts to practical implementations, though challenges remain, particularly in extending distances and making the technology more widely deployable.",8.18,1,0,4,0.75,1.0,0.25,0.0,0.0,0.6,7,1,0.8571428571428571,1,0.8571428571428571,1,0.7837033341398393,1,
vector_rag,m005,multihop,"What is the status of CRYSTALS-Dilithium support in cryptographic libraries such as OpenSSL and Botan, and which industry players have adopted Dilithium?","CRYSTALS-Dilithium, also known as ML-DSA, is supported in cryptographic libraries like Botan, which added implementations of CRYSTALS-Kyber and CRYSTALS-Dilithium by late 2023. OpenSSL is in a transitional phase and does not officially support PQC as of early 2025, but plans for integration are underway. Industry players aligning with NIST choices include many national agencies and industry groups worldwide, with some approving certain alternate algorithms.",12.92,1,0,4,0.75,0.9166666666666666,0.5,0.0,0.5,0.6666666666666666,8,1,0.875,1,0.875,1,0.7931863032805667,1,
vector_rag,m027,multihop,"When do experts expect cryptographically relevant quantum computers (CRQCs) able to break 2048-bit RSA, and what post-quantum algorithms has NIST standardized in response?","Experts expect CRQCs capable of breaking 2048-bit RSA to emerge within the next decade, potentially sooner given current R&D trends. NIST released formal post-quantum algorithm standards in August 2024 as part of its Post-Quantum Cryptography Standardization Initiative.",11.18,1,0,4,1.0,1.0,0.25,0.0,0.5,0.5714285714285714,4,1,0.75,1,0.75,1,0.8574986228500355,0,
vector_rag,m037,multihop,How do Quantum Gaussian Mixture Models (QGMMs) and Quantum Boltzmann Machines (QBMs) differ in how they represent probability distributions?,"Quantum Gaussian Mixture Models (QGMMs) use quantum states to model the likelihood of data belonging to different Gaussian distributions, while Quantum Boltzmann Machines (QBMs) represent probability distributions as quantum thermal states derived from a parameterized Hamiltonian. QBMs leverage quantum effects like superposition and entanglement to capture complex correlations that are intractable for classical models.",11.63,1,0,4,0.75,0.8055555555555555,0.75,1.0,1.0,1.0,3,0,1.0,0,1.0,0,0.8836089569764939,1,
vector_rag,m043,multihop,"How has hybrid post-quantum key agreement been deployed in Chrome, and how do hybrid PQC deployments keep backward compatibility with parties that do not support it?","Chrome has deployed a hybrid X25519+Kyber key agreement, making it likely the largest post-quantum cryptography deployment ever. For backward compatibility, if hybrid PQC is unavailable, Chrome uses classical algorithms if supported, or offers pure PQC as an alternative, eventually phasing out classical-only systems.",9.88,1,0,4,0.75,0.8055555555555555,0.75,1.0,1.0,0.9090909090909091,5,1,0.8,1,0.8,1,0.7822089003501662,1,
vector_rag,m046,multihop,What applications of Quantum Neural Networks (QNNs) do quantum machine learning surveys highlight in healthcare and in cybersecurity?,"In healthcare, QML surveys highlight QNNs for personalized medicine and drug discovery, analyzing complex biological data. In cybersecurity, surveys mention the use of QNNs in hybrid behavioral analysis frameworks for improved malware detection.",10.17,1,0,4,0.75,0.9166666666666666,1.0,1.0,0.5,0.3333333333333333,5,2,0.6,1,0.6,1,0.7939228164707943,1,
vector_rag,m064,multihop,"Why do large post-quantum keys and signatures cause problems for 5G network slices and handovers, and how large is the handshake overhead of hash-based signature schemes?","Large post-quantum keys and signatures cause problems for 5G network slices and handovers due to increased resource consumption and potential delays. The handshake overhead of hash-based signature schemes ranges from 245% to 890% relative to classical algorithms, primarily due to the need to transmit signatures over multiple packets.",10.63,1,0,4,0.75,0.9166666666666666,0.75,1.0,0.5,0.875,6,2,0.6666666666666666,1,0.6666666666666666,1,0.8804764688135799,1,
vector_rag,m068,multihop,How does the Module-LWE problem underlying ML-KEM and ML-DSA relate to the basic Learning With Errors (LWE) problem in lattice-based cryptography?,"The Module-LWE (M-LWE) problem generalizes the basic LWE problem by introducing a ring structure. Specifically, M-LWE operates over a polynomial ring \( R = \mathbb{Z}[X]/(X^n + 1) \) and a modulus \( q \), whereas LWE is defined over a vector space. This ring structure allows M-LWE to inherit the security properties of LWE while potentially offering efficiency improvements, making it suitable for practical deployment in schemes like ML-KEM and ML-DSA.",14.34,1,0,4,0.75,0.8055555555555555,0.75,1.0,1.0,1.0,8,1,0.875,1,0.875,1,0.7336378275657114,1,
vector_rag,g001,multihop,"Why does Shor's algorithm threaten RSA and elliptic-curve cryptography while Grover's algorithm can be countered by larger symmetric keys, and how many noisy qubits do theoretical estimates say are needed to break 2048-bit RSA?","Shor's algorithm threatens RSA and elliptic-curve cryptography because it can efficiently factor large numbers and solve the discrete logarithm problem, respectively, whereas Grover's algorithm provides a quadratic speedup for unstructured search problems, allowing for larger symmetric key sizes to maintain security. Theoretical estimates suggest that breaking a 2048-bit RSA key using Shor's algorithm would require about one million noisy qubits and a week of runtime on a quantum computer.",11.61,1,0,4,0.75,1.0,0.0,0.0,0.0,0.6363636363636364,6,2,0.6666666666666666,1,0.6666666666666666,1,0.8377149387371879,1,
vector_rag,g002,multihop,"How does Kyber compare with RSA in key exchange speed in practical deployment tests, and on which hard problem is Kyber's security based?","In practical deployment tests, Kyber outperforms RSA in key exchange speed. Kyber's security is based on lattice problems, which are presumed hard even for quantum computers.",9.51,1,0,4,0.5,1.0,0.5,0.0,0.5,0.625,3,1,0.6666666666666666,1,0.6666666666666666,1,0.8461614188909538,1,
vector_rag,g003,multihop,"Why do Smart City and IoVT applications need 5G unlike traditional IoT applications, and what security consequences does the predicted growth of IoT devices have?","Smart City and IoVT applications require 5G due to their need for significantly higher throughput rates to deliver optimal user experiences, which 5G uniquely provides. The predicted growth of IoT devices poses security challenges, as attackers may exploit the large number of devices to steal sensitive information or cause financial losses, highlighting the need for robust security measures.",11.15,1,0,4,0.75,0.9166666666666666,1.0,0.0,0.5,0.75,6,0,1.0,0,1.0,0,0.812836308755481,1,
vector_rag,g005,multihop,"What problem with encoding classical data into quantum states does the data re-uploading strategy address, and what accuracy did a hybrid model with quantum-enhanced embeddings achieve for botnet detection?","The data re-uploading strategy addresses the issue of efficiently encoding classical data into quantum states, improving data representation within quantum circuits. A hybrid model with quantum-enhanced embeddings achieved up to 94.7% accuracy for botnet detection.",9.53,1,0,4,0.75,0.8055555555555555,1.0,1.0,1.0,1.0,3,0,1.0,0,1.0,0,0.8338251981260058,1,
vector_rag,g007,multihop,"Why are multivariate quadratic (MQ) cryptographic schemes considered quantum-resistant, what are they mainly used for, and what property makes a multivariate signature scheme suitable for authenticating edge nodes?","Multivariate quadratic (MQ) cryptographic schemes are considered quantum-resistant because solving systems of quadratic equations over finite fields is believed to be intractable for both classical and quantum computers, making them suitable for cryptographic applications. They are mainly used in digital signatures and public-key encryption. A multivariate signature scheme is suitable for authenticating edge nodes due to its excellent parallelism support, which allows for effective deployment at high speeds.",11.96,1,0,4,0.75,0.8055555555555555,0.5,1.0,1.0,1.0,7,2,0.7142857142857143,1,0.7142857142857143,1,0.8911017763784733,1,
vector_rag,g011,multihop,"How many side-channel leakage points have been reported in Kyber's decryption procedure, and how did researchers use machine learning in a side-channel attack on a Kyber implementation?","Several side-channel leakage points have been reported in Kyber's decryption procedure, particularly during the Polynomial Multiplication With Masking (PWM) of ˆs ◦ˆu. Researchers used machine learning to exploit power usage patterns, successfully extracting encryption keys from Kyber implementations.",9.54,1,0,4,0.75,1.0,0.75,0.0,0.5,1.0,4,0,1.0,0,1.0,0,0.7978665070255432,1,
vector_rag,g015,multihop,"How do Kyber's public key and Dilithium's signature sizes compare with classical ECC, and are these post-quantum schemes considered feasible and efficient enough for IoT and mainstream applications?","Kyber's public key is much smaller than Dilithium's signature size compared to classical ECC. For instance, Kyber’s public key is around 800 bytes, significantly larger than an ECC public key (32 bytes) but smaller than some alternatives like McEliece. Dilithium signatures are on the order of a few kilobytes, much larger than ECDSA signatures. Despite these sizes, researchers indicate that the overhead is manageable for most mainstream applications, and early performance benchmarks suggest that lattice-based algorithms like Kyber and Dilithium can be optimized for efficiency, making them feasible and efficient enough for IoT and general-purpose deployment.",13.0,1,0,4,0.5,1.0,0.5,1.0,0.5,0.8,7,1,0.8571428571428571,1,0.8571428571428571,1,0.8303723936923443,1,
vector_rag,g016,multihop,"How does quantum secure direct communication (QSDC) differ from quantum key distribution (QKD), and which intercity networks illustrate the development of practical QKD networks?",I cannot find the answer in the provided documents.,8.2,1,1,4,0.25,0.3333333333333333,0.25,0.0,0.5,0.5714285714285714,0,0,,0,,0,0.0,0,
vector_rag,g019,multihop,"Why must the key storages of a QKD network be kept synchronized, and why does QKD still depend on classical cryptography in practice?","Key storages in a QKD network must be kept synchronized to ensure the service is operational and to maintain the consistency of key contents. QKD still depends on classical cryptography in practice because it does not inherently provide authentication; an initial authentication method, often involving classical keys, is required to secure the first quantum exchange.",9.79,1,0,4,0.75,0.6388888888888888,1.0,1.0,1.0,0.8888888888888888,5,0,1.0,0,1.0,0,0.8041950639037534,1,
vector_rag,g021,multihop,"How many power traces does the improved two-step side-channel attack need to recover Kyber's secret key, and what hardware efficiency cost does the hardware-friendly shuffling countermeasure for Kyber have?",The improved two-step side-channel attack needs approximately 15 power traces to recover Kyber's secret key. The hardware-friendly shuffling countermeasure for Kyber has an efficiency drop of 8.7%.,10.14,1,0,4,0.5,0.41666666666666663,0.75,1.0,0.0,0.8571428571428571,2,0,1.0,0,1.0,0,0.8417277603623529,1,
vector_rag,g026,multihop,"How does higher-order masking, used to protect Kyber implementations against side-channel attacks, split a sensitive variable into shares, and how does threshold secret sharing split a secret among participants?","Higher-order masking splits a sensitive variable into multiple shares randomly. For instance, in fifth-order masking, the variable is split five times. Threshold secret sharing, a method of splitting a secret among participants, divides the secret into ω + 1 shares such that the original secret can only be reconstructed when a threshold number of shares are combined.",11.15,1,0,4,0.5,1.0,1.0,0.0,0.5,0.5454545454545454,5,3,0.4,1,0.4,1,0.7399464486984472,1,
vector_rag,g027,multihop,"How do the best reported quantum gate error rates compare with those of classical transistors, and what limitations did a quantum error correction demonstration with a Toffoli gate on superconducting qubits have?","The best reported single-qubit operation error rates for quantum gates are around 10^-7, while two-qubit gates are at the 10^-5 level, but effective error rates in multi-qubit systems are much higher, around 10^-4 for single-qubit and 10^-2 for two-qubit gates. In contrast, modern digital transistors exhibit error rates as low as 10^-23, highlighting the vast gap in reliability. For superconducting qubits, the Toffoli gate implementation had a fidelity of 85% for classical action and 78% for quantum process action, and the study was limited by the coherence times of superconducting qubits, with lifetimes around 0.7-1.3µs.",14.52,1,0,4,0.75,1.0,0.75,1.0,1.0,0.8571428571428571,9,1,0.8888888888888888,1,0.8888888888888888,1,0.8185867457895423,1,
vector_rag,g028,multihop,"What is the status of Kyber and Dilithium support in the MbedTLS and Crypto++ libraries, and why are Kyber and Dilithium considered suitable for general-purpose deployment?","MbedTLS plans to add Kyber support soon and eventually Dilithium, while currently supporting LMS for signatures. Crypto++ does not include NIST PQC finalists in its mainline distribution but a fork (cryptopp-pqc) has added Kyber, Dilithium, and others. Kyber and Dilithium are considered suitable for general-purpose deployment due to their maturity, proven performance, and ease of secure implementation, making them attractive for large-scale systems like TLS and VPNs.",11.44,1,0,4,1.0,1.0,0.75,1.0,0.5,0.8571428571428571,13,1,0.9230769230769231,1,0.9230769230769231,1,0.8018060941332784,1,
vector_rag,g030,multihop,"What is the primary threat-actor behavior before Q-Day, and why does the 'Cryptographic Time Paradox' make this behavior dangerous?","The primary threat-actor behavior before Q-Day is the ""Store/Harvest Now, Decrypt Later"" (HNDL) approach. This behavior is dangerous due to the ""Cryptographic Time Paradox,"" which means that encrypted data collected now will become readable once a working CRQC is built, even if that happens decades later.",10.65,1,0,4,1.0,1.0,1.0,1.0,1.0,0.8571428571428571,7,2,0.7142857142857143,1,0.7142857142857143,1,0.771505472789405,1,
vector_rag,g034,multihop,"How does the security basis of quantum cryptography differ from traditional encryption, what are the two main categories of QKD protocols, and what practical requirement distinguishes QKD from traditional key agreement?","The security basis of quantum cryptography differs from traditional encryption as it relies on physics principles rather than computational complexity. The two main categories of QKD protocols are Continuous Variable (CV) and Discrete Variable (DV) QKDPs. Unlike traditional key agreement, QKD requires specialized hardware for implementation.",9.98,1,0,4,0.5,1.0,0.5,1.0,1.0,0.8888888888888888,6,1,0.8333333333333334,1,0.8333333333333334,1,0.8299809755093154,1,
vector_rag,g035,multihop,"Which quantum mechanisms allow Shor's algorithm to factor large integers efficiently, and why does this threaten RSA?","Shor's algorithm factors large integers efficiently by first finding the order \( r \) of a random \( a \) through quantum computation, then classically deriving factors via \( p = \gcd(a^{r/2} - 1, N) \) and \( q = \gcd(a^{r/2} + 1, N) \) when \( r \) is even and \( a^{r/2} \not\equiv -1 \mod N \). This achieves polynomial complexity \( O((\log N)^3) \) compared to classical exponential-time factorization, demonstrating quantum advantage in cryptography. This capability threatens RSA because RSA's security relies on the difficulty of factoring large composite numbers, which Shor's algorithm can efficiently solve, potentially breaking RSA encryption.",14.49,1,0,4,1.0,1.0,0.75,1.0,0.0,0.6666666666666666,9,1,0.8888888888888888,1,0.8888888888888888,1,0.7987614110159704,1,
vector_rag,g037,multihop,"What does the security of SPHINCS+ (SLH-DSA) rely on compared with the other algorithms NIST selected, how does it achieve stateless operation, and which FIPS standards correspond to Kyber, Dilithium and SPHINCS+?","The security of SPHINCS+ (SLH-DSA) relies on the collision resistance of hash functions, unlike lattice-based approaches which use structured lattices. It achieves stateless operation through a hierarchical structure of hash trees combined with WOTS+ for signing individual nodes, FORS for efficient few-time signatures, and the Hypertree construction to link these components. NIST's FIPS 203, 204, and 205 drafts correspond to the standards for Kyber (Module-Lattice KEM), Dilithium (lattice signatures), and SPHINCS+ (SLH-DSA) as stateless hash signatures.",13.56,1,0,4,0.75,0.8055555555555555,0.75,1.0,1.0,0.8888888888888888,12,0,1.0,0,1.0,0,0.7845227583336102,1,
vector_rag,g039,multihop,"On what is the security of quantum key distribution (QKD) based, why are practical QKD experiments with attenuated lasers potentially insecure, and how can quantum machine learning help detect eavesdroppers?","The security of QKD is based on the fundamental laws of physics. Practical QKD experiments using attenuated lasers are potentially insecure because these lasers sometimes produce signals with more than one photon, which can be exploited by eavesdroppers. Quantum machine learning can help detect eavesdroppers by analyzing real-time protocol predictions and classifying signals to identify potential security breaches.",10.94,1,0,4,0.25,0.5,1.0,1.0,0.5,0.7142857142857143,7,1,0.8571428571428571,1,0.8571428571428571,1,0.818068930654044,1,
vector_rag,g040,multihop,"What speed-up does an FPGA accelerator with an optimized Number Theoretic Transform (NTT) achieve for Kyber, and why is polynomial multiplication in Kyber computed in the NTT domain?","An FPGA accelerator with optimized NTT achieves a speed-up of up to 34.16× for Kyber. Polynomial multiplication in Kyber is computed in the NTT domain to reduce computational complexity from O(N²) to O(N log N), significantly improving the speed of the entire encryption and decryption process.",11.52,1,0,4,1.0,1.0,0.5,1.0,1.0,0.8571428571428571,4,0,1.0,0,1.0,0,0.8751252035822102,1,
vector_rag,g042,multihop,"How do quantum generative adversarial networks (QGANs) work, and how does EQGAN improve their training?","QGANs work by pairing a parameterized quantum generator with a discriminator (which can be either quantum or classical) in a two-player minimax game. The generator aims to produce quantum states approximating an unknown data distribution, while the discriminator learns to distinguish between real and generated samples. EQGAN improves training by using mutation operations as training targets, quantum circuits as generators, and classical neural networks as discriminators. It employs fitness evaluation to select optimal generator configurations, leading to faster and more stable training compared to traditional approaches.",11.52,1,0,4,0.75,0.6388888888888888,1.0,1.0,1.0,1.0,8,1,0.875,1,0.875,1,0.7772033299456741,1,
vector_rag,g043,multihop,"What reasons suggest that quantum computers can outperform classical computers, and what role does the precision of quantum state manipulation play?","Three reasons suggest quantum computers can outperform classical computers: quantum algorithms for classically intractable problems, the ability to achieve exponential or quadratic speedup on specific tasks, and the use of qubits that can exist in multiple states simultaneously. The precision of quantum state manipulation, while currently uncertain, could potentially give quantum computers more power than classical computers if the precision is high enough.",11.0,1,0,4,0.5,1.0,0.5,1.0,1.0,1.0,6,0,1.0,0,1.0,0,0.8527843319497097,1,
vector_rag,g044,multihop,"Why are variational quantum algorithms (VQAs) considered the leading strategy for NISQ devices, which constraints must they account for, and why does improving gate accuracy matter for near-term platforms?","Variational Quantum Algorithms (VQAs) are considered the leading strategy for NISQ devices because they can account for the constraints imposed by these devices, such as limited numbers of qubits, limited connectivity, and errors that limit circuit depth, through an optimization-based approach. Improving gate accuracy matters for near-term platforms as it allows for the execution of larger quantum circuits, extending the power of NISQ technology in the shorter term.",10.97,1,0,4,0.75,1.0,1.0,1.0,1.0,1.0,7,1,0.8571428571428571,1,0.8571428571428571,1,0.8027534565174476,1,
vector_rag,g045,multihop,"What error rate does an eavesdropper who measures and resends all photons in the rectilinear basis induce in BB84, and which two sources contribute to detection events in decoy-state QKD?",I cannot find the answer in the provided documents.,9.65,1,1,4,0.5,0.5,1.0,0.0,0.0,0.6666666666666666,0,0,,0,,0,0.0,0,
vector_rag,g046,multihop,"How has research on quantum machine learning for quantum key distribution evolved, and what risk do QML-based applications themselves face in 6G networks?",I cannot find the answer in the provided documents.,8.11,1,1,4,0.5,0.5,0.75,0.0,0.0,0.6,0,0,,0,,0,0.0,0,
vector_rag,g048,multihop,"How are variational quantum classifiers (VQCs) used for cyberattack detection, and why are variational quantum circuits the most common architecture for QGANs?","Variational Quantum Classifiers (VQCs) are used for cyberattack detection by encoding classical data into quantum states, processing them with variational circuits, and optimizing parameters for improved classification, as demonstrated by Abdur Rahman et al. on the NSL-KDD dataset. VQCs are the most common architecture for Quantum Generative Adversarial Networks (QGANs) due to their flexibility and trainability, as highlighted in the survey of QGANs.",11.68,1,0,4,1.0,1.0,1.0,1.0,1.0,0.875,9,1,0.8888888888888888,1,0.8888888888888888,1,0.8386737484904363,1,
vector_rag,g050,multihop,"How are the generator and discriminator of quantum GANs trained, and how are the gradients obtained?","In quantum GANs, both the generator and discriminator are trained using an adversarial minimax framework, similar to classical GANs. For gradients, the approach varies depending on the type of QGAN. In fully quantum GANs, gradients can be obtained directly from the quantum circuits used for network operations, avoiding the need for auxiliary circuits or qubits. This is particularly useful for current quantum hardware.",11.22,1,0,4,0.75,0.9166666666666666,0.25,0.0,0.5,0.5,5,1,0.8,1,0.8,1,0.863278266984859,1,
vector_rag,u001,unanswerable,Which company acquired the deception technology vendor Illusive Networks in 2022?,I cannot find the answer in the provided documents.,9.04,1,1,4,,,,,,,0,0,,0,,0,0.0,1,
vector_rag,u002,unanswerable,Which Suricata rule keyword is used to match the TLS Server Name Indication (SNI) field?,I cannot find the answer in the provided documents.,7.89,1,1,4,,,,,,,0,0,,0,,0,0.0,1,
vector_rag,u003,unanswerable,What packet-processing throughput did Facebook's Katran XDP-based layer-4 load balancer achieve?,I cannot find the answer in the provided documents.,7.86,1,1,4,,,,,,,0,0,,0,,0,0.0,1,
vector_rag,u004,unanswerable,How many qubits does Google's Willow quantum processor have?,I cannot find the answer in the provided documents.,9.22,1,1,4,,,,,,,0,0,,0,,0,0.0,1,
vector_rag,u006,unanswerable,How many artificial neurons does Intel's Hala Point neuromorphic system contain?,I cannot find the answer in the provided documents.,9.0,1,1,4,,,,,,,0,0,,0,,0,0.0,1,
vector_rag,u007,unanswerable,What bit-width does the KIVI method use to quantize the key and value cache of large language models?,I cannot find the answer in the provided documents.,8.15,1,1,4,,,,,,,0,0,,0,,0,0.0,1,
vector_rag,u008,unanswerable,Which community detection algorithm does Microsoft's GraphRAG use to build its hierarchy of entity communities?,I cannot find the answer in the provided documents.,8.62,1,1,4,,,,,,,0,0,,0,,0,0.0,1,
vector_rag,u009,unanswerable,What is the name of the password-authenticated key exchange (also called Dragonfly) used by WPA3-Personal?,I cannot find the answer in the provided documents.,9.84,1,1,4,,,,,,,0,0,,0,,0,0.0,1,
vector_rag,u010,unanswerable,How much ransom did Colonial Pipeline pay to the DarkSide ransomware group in 2021?,I cannot find the answer in the provided documents.,9.06,1,1,4,,,,,,,0,0,,0,,0,0.0,1,
vector_rag,u011,unanswerable,What was the peak bandwidth of the 2016 Mirai botnet DDoS attack against the hosting provider OVH?,I cannot find the answer in the provided documents.,10.12,1,1,4,,,,,,,0,0,,0,,0,0.0,1,
vector_rag,u012,unanswerable,What is the default block size of the Hadoop Distributed File System (HDFS)?,I cannot find the answer in the provided documents.,9.75,1,1,4,,,,,,,0,0,,0,,0,0.0,1,
vector_rag,u013,unanswerable,Which IETF RFC number specifies version 1.3 of the TLS protocol?,I cannot find the answer in the provided documents.,7.16,1,1,4,,,,,,,0,0,,0,,0,0.0,1,
vector_rag,u014,unanswerable,Which TCP port does the Modbus/TCP industrial control protocol use by default?,I cannot find the answer in the provided documents.,2.75,1,1,4,,,,,,,0,0,,0,,0,0.0,1,
vector_rag,u015,unanswerable,How many uranium enrichment centrifuges at Natanz are estimated to have been destroyed by the Stuxnet worm?,I cannot find the answer in the provided documents.,7.52,1,1,4,,,,,,,0,0,,0,,0,0.0,1,
vector_rag,u016,unanswerable,Which CVE identifier was assigned to the Bash vulnerability known as Shellshock?,I cannot find the answer in the provided documents.,7.92,1,1,4,,,,,,,0,0,,0,,0,0.0,1,
vector_rag,u017,unanswerable,How many neural processing units does BrainChip's Akida neuromorphic processor contain?,I cannot find the answer in the provided documents.,9.22,1,1,4,,,,,,,0,0,,0,,0,0.0,1,
vector_rag,u018,unanswerable,Which tool is commonly used by attackers to dump plaintext credentials from the LSASS process memory on Windows?,I cannot find the answer in the provided documents.,7.58,1,1,4,,,,,,,0,0,,0,,0,0.0,1,
vector_rag,u019,unanswerable,What kind of data structure does the BloodHound tool build to reveal attack paths in Active Directory?,I cannot find the answer in the provided documents.,6.63,1,1,4,,,,,,,0,0,,0,,0,0.0,1,
vector_rag,u020,unanswerable,What scripting language does the Zeek (formerly Bro) network security monitor use for its policy scripts?,I cannot find the answer in the provided documents.,6.32,1,1,4,,,,,,,0,0,,0,,0,0.0,1,
vector_rag,u021,unanswerable,How many electrodes does the Neuralink N1 brain implant have?,I cannot find the answer in the provided documents.,8.52,1,1,4,,,,,,,0,0,,0,,0,0.0,1,
vector_rag,u022,unanswerable,Approximately how many computers in how many countries were infected by the WannaCry ransomware in May 2017?,I cannot find the answer in the provided documents.,10.09,1,1,4,,,,,,,0,0,,0,,0,0.0,1,
vector_rag,u023,unanswerable,What is the half-life of the carbon-14 isotope?,I cannot find the answer in the provided documents.,5.33,1,1,4,,,,,,,0,0,,0,,0,0.0,1,
vector_rag,u024,unanswerable,Which country won the 2022 FIFA World Cup?,I cannot find the answer in the provided documents.,3.84,1,1,4,,,,,,,0,0,,0,,0,0.0,1,
graphrag,q001,single,What is Shor's algorithm and how does it impact the security of current cryptographic systems?,"Shor's algorithm is a quantum algorithm that can efficiently factor large integers and solve the discrete logarithm problem, which are the foundations of many public-key cryptographic systems. This impacts the security of current cryptographic systems, particularly public-key cryptographic systems, by reducing the complexity of these problems from exponential to polynomial time, thus undermining the security assumptions on which these systems are based.",22.77,1,0,4,0.75,0.9166666666666666,0.25,1.0,0.0,0.75,8,0,1.0,0,1.0,0,0.8590345273622583,1,0.8333333333333334
graphrag,q005,single,Does Libsodium support any NIST PQC finalist algorithms as of its latest release in the 1.0.x series?,"No, as of the 1.0.x series, Libsodium does not include support for any of the NIST PQC finalist algorithms.",15.36,1,0,4,0.25,0.5,1.0,1.0,0.0,1.0,2,0,1.0,0,1.0,0,0.9157352445436171,1,0.3333333333333333
graphrag,q006,single,What type of QGAN was designed to generate classical image data using linear optical circuits and Fock-space encoding?,A photonic QGAN was designed to generate classical image data using linear optical circuits and Fock-space encoding.,12.76,1,0,4,0.5,0.8333333333333333,0.5,1.0,1.0,1.0,4,0,1.0,0,1.0,0,0.8267189353953736,1,0.16666666666666666
graphrag,q007,single,What is the role of the quantum feature map in QSVM?,"The quantum feature map in QSVM is used to embed data into a quantum feature space, making patterns easier to identify and allowing for the computation of kernel functions in a quantum setting. This process leverages the parallel processing capabilities of quantum computers to map input data into a high-dimensional Hilbert space, where the QSVM can then compute kernel values using fidelity measures.",14.74,1,0,4,0.5,0.5833333333333333,0.75,1.0,1.0,0.8571428571428571,6,1,0.8333333333333334,1,0.8333333333333334,1,0.8719341732026322,1,0.25
graphrag,q011,single,Which conventional public key cryptography methods are described as susceptible to quantum risks in the survey of pre- versus post-quantum security for 5G-enabled IoT?,"The survey describes traditional public key cryptography methods such as RSA, which is susceptible to quantum risks due to advancements in computing technology that pose threats to traditional cryptography.",14.05,1,0,4,0.25,0.3333333333333333,0.75,1.0,0.0,0.0,4,1,0.75,1,0.75,1,0.7385487021062288,1,0.25
graphrag,q015,single,"In side-channel attacks on Kyber with an imperfect plaintext-checking oracle, how much of the Kyber-512 secret key was recovered by applying the CPA attack twice, and with how many power traces?",The CPA attack was applied twice to recover 60% of the secret key of Kyber-512 at the cost of about 1619 power traces.,15.98,1,0,4,0.0,0.0,1.0,1.0,1.0,1.0,4,2,0.5,1,0.75,1,0.8455886214950743,1,0.08333333333333333
graphrag,q017,single,How are technology service providers using quantum resilience as a selling point?,"Technology service providers are using quantum-resilience as a selling point, for example, certain VPN and secure communications products advertise that they are ""quantum-safe"" by integrating Post-Quantum Cryptography (PQC).",12.75,1,0,4,0.75,0.8055555555555555,0.25,1.0,1.0,1.0,3,0,1.0,0,1.0,0,0.8088577096961793,1,0.16666666666666666
graphrag,q022,single,"What accuracy does the scalable quantum convolutional neural network (QCNN) achieve on MNIST, and with how many trainable parameters?",The scalable QCNN achieves 98.7% accuracy on the MNIST dataset using only 45 independent rotational parameters.,13.91,1,0,4,0.5,0.75,0.75,1.0,0.0,0.6,2,0,1.0,0,1.0,0,0.82381619948868,1,0.08333333333333333
graphrag,q044,single,"In the network-centric Harvest-Now, Decrypt-Later (HNDL) model, what information besides application data is included in harvested ciphertext?",I cannot find the answer in the provided documents.,12.57,1,1,4,0.5,0.5,0.5,1.0,0.0,0.0,0,0,,0,,0,0.0,0,0.0
graphrag,q049,single,"In CRYSTALS-Kyber, how is the shared key K derived during encapsulation?","In CRYSTALS-Kyber, the shared key K is derived during the encapsulation process and then re-encapsulated. This shared key is extracted in the decapsulation process and re-encapsulated to establish a shared symmetric key between two parties (Alice and Bob) via two-way communication.",15.91,1,0,4,0.5,0.41666666666666663,0.0,0.0,0.0,0.42857142857142855,4,1,0.75,1,0.5,1,0.8784102139267264,0,0.0
graphrag,q057,single,How is the state of a qubit defined in terms of probability amplitudes?,The state of a qubit is defined in terms of probability amplitudes such that the probability of observing a state is proportional to the square of the amplitude of that state.,17.71,1,0,4,0.25,0.3333333333333333,0.0,0.0,0.0,1.0,2,0,1.0,0,1.0,0,0.8836854788333838,1,0.4166666666666667
graphrag,q061,single,"What specific vulnerability was exploited in the July 2022 cryptanalytic breakthrough against SIDH/SIKE, and how was it carried out?","The 2022 attack on SIDH demonstrated a full key recovery using a novel application of Kani’s reducibility criterion. This attack exploited structural weaknesses in SIDH, specifically the public exposure of torsion point images and the use of starting elliptic curves with known endomorphism rings.",15.58,1,0,4,0.25,0.5,0.25,1.0,0.0,0.3333333333333333,6,0,1.0,0,1.0,0,0.7412260955003355,0,0.0
graphrag,q062,single,What technique can be used in a blockchain-IoT environment to obscure the information of the sender transferring coins?,Monero can be used to obscure the information of the sender transferring coins using ring signatures in a blockchain-IoT environment.,12.91,1,0,4,0.0,0.0,1.0,1.0,0.0,1.0,3,0,1.0,0,0.6666666666666666,1,0.7452901501195406,1,0.08333333333333333
graphrag,q063,single,What are the advantages and the main challenge of NV centers in diamond as a qubit technology?,"Advantages of NV centers in diamond as a qubit technology include long coherence times and the ability to operate at room temperature. The main challenge is scaling them to large, controllable registers due to the difficulty of precise and reliable manufacturing.",14.32,1,0,4,0.5,0.8333333333333333,0.5,1.0,1.0,1.0,4,1,0.75,1,1.0,0,0.8681405601003259,1,0.25
graphrag,q064,single,"Which physical effect was exploited in a 2019 jamming attack against QKD, and what was its impact?","In a 2019 jamming attack against QKD, the Faraday effect was exploited. This attack increased the quantum bit-error rate (QBER) by 7.6%, effectively halting key exchange.",14.54,1,0,4,0.5,0.8333333333333333,1.0,1.0,1.0,1.0,3,1,0.6666666666666666,1,0.6666666666666666,1,0.8788441562858332,1,0.5
graphrag,q065,single,"What scheme is proposed in 2022 for dynamically allocating key resources in QKD networks, and what technology is used to realize this scheme?","In 2022, a Dynamic-On-Demand Key Allocation (DDKA) scheme for QKD networks (QKDN) has been proposed. This scheme is realized using SDN technology.",12.12,1,0,4,0.25,1.0,1.0,1.0,1.0,0.8,3,0,1.0,0,1.0,0,0.8665260151286215,1,0.16666666666666666
graphrag,q066,single,"How is the trojan gate attack on quantum circuit models for 6G resource allocation constructed, and why is it stealthy?","The trojan gate attack on quantum circuit models for 6G resource allocation is constructed by integrating adversarial perturbation into subcircuits within regions of the model that have limited error detection capabilities. This makes it difficult to attribute errors to malicious interference, enhancing the stealthiness of the attack due to the natural presence of noise and decoherence in quantum systems.",14.97,1,0,4,0.25,1.0,0.5,1.0,1.0,1.0,4,0,1.0,0,1.0,0,0.7547310547799354,1,0.16666666666666666
graphrag,q067,single,"In the hybrid QNN and QSVM pipeline for real-time network traffic monitoring, what accuracies and alerting latency were achieved?","In the hybrid QNN and QSVM pipeline for real-time network traffic monitoring, the QNN achieved 96% accuracy, and the QSVM achieved 93% accuracy. The average alerting latency was near-instant at 10 ms.",14.53,1,0,4,0.25,1.0,1.0,1.0,1.0,0.75,5,0,1.0,0,1.0,0,0.931582131872941,1,0.08333333333333333
graphrag,q068,single,Why is quantum key distribution (QKD) considered provably secure against eavesdropping?,"Quantum key distribution (QKD) is considered provably secure against eavesdropping because it leverages the principles of quantum mechanics, specifically the Heisenberg uncertainty principle. Any eavesdropping attempt introduces measurable errors due to the disturbance of quantum states, which can be detected by the communicating parties. This ensures that the security of the key exchange is information-theoretic, meaning it is secure regardless of computational power.",15.29,1,0,4,0.75,0.9166666666666666,0.0,0.0,0.0,0.6666666666666666,8,1,0.875,1,0.875,1,0.8234302935000956,1,0.6666666666666666
graphrag,q082,single,"Under the Harvest-Now, Decrypt-Later (HNDL) model, what is the status of encrypted data transmitted or stored today without quantum resistance?","Under the Harvest-Now, Decrypt-Later (HNDL) model, encrypted data transmitted or stored today without quantum resistance faces certain retroactive decryption if quantum computers become powerful enough to break the current cryptographic schemes. This means that adversaries can collect and store this data now, waiting until future quantum capabilities allow for its decryption, posing a significant threat to the confidentiality of long-lived data.",15.34,1,0,4,0.75,0.8055555555555555,0.0,0.0,0.0,0.8,3,0,1.0,0,1.0,0,0.726822495330425,1,0.5833333333333334
graphrag,q092,single,"When should organizations begin post-quantum cryptography migration, and why is waiting for Q-Day an error?","Organizations should begin post-quantum cryptography migration now, ideally between 2025-2028, to complete before Q-Day (estimated around 2030 ± 5 years). Waiting for Q-Day is an error because it creates unnecessary risk, cost, and disruption. If Q-Day occurs before migration is complete, exposed data becomes immediately vulnerable.",15.19,1,0,4,0.75,0.8055555555555555,0.75,1.0,1.0,0.8571428571428571,7,1,0.8571428571428571,1,1.0,0,0.8052446986550956,1,0.25
graphrag,s001,single,"In variational quantum circuits, what name is given in quantum simulation to the approach that uses parametrized random circuits of varying depth?",I cannot find the answer in the provided documents.,12.46,1,1,4,0.25,0.5,0.0,0.0,0.0,0.5,0,0,,0,,0,0.0,0,0.0
graphrag,s002,single,"Which states are used in the Vacuum+Weak decoy-state method for quantum key distribution, and what do Alice and Bob gain by measuring the decoy states?","In the Vacuum+Weak decoy-state method for quantum key distribution, Alice uses vacuum states and weak decoy states along with standard BB84 states. By measuring the yields and QBER of these decoy states, Alice and Bob can obtain reliable bounds to detect eavesdropping attacks, surpassing prior art results and improving the security of their quantum key distribution system.",16.52,1,0,4,0.75,0.6388888888888888,1.0,1.0,1.0,0.6666666666666666,5,1,0.8,1,0.8,1,0.8848078461199536,1,0.0
graphrag,s004,single,"In Shor's quantum algorithm for discrete logarithms, with what probability is each good (c, d) pair generated, and what fraction of the possible c values belong to a good pair?","Each good (c, d) pair is generated with a probability of at least 1/(20q2). At least a twelfth of the possible c’s are in a good (c, d) pair.",15.74,1,0,4,0.5,1.0,0.5,1.0,1.0,1.0,2,0,1.0,0,1.0,0,0.7911493409813121,1,0.08333333333333333
graphrag,s005,single,"Why is it difficult to foresee the future applications of quantum computing, and what recent industry trend surprised many quantum researchers in academia?",I cannot find the answer in the provided documents.,11.23,1,1,4,0.25,0.3333333333333333,0.0,0.0,0.0,0.6666666666666666,0,0,,0,,0,0.0,0,0.16666666666666666
graphrag,s006,single,"In quantum public key distribution with polarized photons (BB84), how do Alice and Bob test for eavesdropping, and how are the remaining bits used?","In BB84, Alice and Bob test for eavesdropping by performing sifting on the remaining qubits after discarding those measured in different bases. They then use these sifted qubits to determine if an eavesdropper is present. If the quantum transmission has been undisturbed, Alice and Bob should agree on the bits encoded by these photons, which are used as the final secret key.",17.01,1,0,4,0.75,0.8055555555555555,0.25,1.0,0.0,0.8,5,0,1.0,0,0.8,1,0.7472285362232989,0,0.0
graphrag,s007,single,"How do local parameter-update optimizers for variational quantum algorithms work, and what has been proposed to speed up their convergence?",I cannot find the answer in the provided documents.,13.02,1,1,4,0.25,0.25,1.0,1.0,0.0,0.6666666666666666,0,0,,0,,0,0.0,0,0.08333333333333333
graphrag,m001,multihop,"How do concerns about harvest-now-decrypt-later (HNDL) attacks differ between security professionals and profit-motivated cybercriminals, and which kinds of data are considered prime targets for HNDL?","Concerns about HNDL attacks are more urgent for security professionals due to the long-term threat they pose, whereas profit-motivated cybercriminals might prioritize immediate returns over long-term data harvesting. Prime targets for HNDL include healthcare records and government classified data, which are highly sensitive and long-lived.",14.86,1,0,4,0.75,0.8055555555555555,0.25,0.0,0.0,0.5555555555555556,7,2,0.7142857142857143,1,0.7142857142857143,1,0.8068152901678977,1,0.3333333333333333
graphrag,m003,multihop,"What role does Quantum Random Number Generation (QRNG) play in quantum key distribution (QKD), and how far has QKD technology progressed toward real-world deployment?","Quantum Random Number Generation (QRNG) plays a crucial role in quantum key distribution (QKD) by providing truly unpredictable keys, essential for secure cryptographic solutions. QKD technology has progressed significantly, with real-world deployments like China’s 2,000-km Quantum Key Distribution network, though challenges remain in integrating QKD with legacy systems.",14.29,1,0,4,0.75,0.6388888888888888,0.25,0.0,0.5,0.6,7,2,0.7142857142857143,1,0.5714285714285714,1,0.8115185436889435,1,0.6666666666666666
graphrag,m005,multihop,"What is the status of CRYSTALS-Dilithium support in cryptographic libraries such as OpenSSL and Botan, and which industry players have adopted Dilithium?","OpenSSL does not support CRYSTALS-Dilithium. Botan supports CRYSTALS-Dilithium and has added implementations of both CRYSTALS-Kyber and CRYSTALS-Dilithium to its library. In the industry, NIST has selected Dilithium for standardization, and it is being considered for integration into TLS.",16.82,1,0,4,0.75,0.6388888888888888,0.75,0.0,0.0,0.3333333333333333,5,1,0.8,1,0.6,1,0.8081752708552914,0,0.5
graphrag,m027,multihop,"When do experts expect cryptographically relevant quantum computers (CRQCs) able to break 2048-bit RSA, and what post-quantum algorithms has NIST standardized in response?","Experts expect cryptographically relevant quantum computers (CRQCs) able to break 2048-bit RSA to be developed by the 2030s. In response, NIST has standardized post-quantum algorithms like Kyber, which is a lattice-based key encapsulation mechanism.",15.33,1,0,4,0.75,0.6388888888888888,0.75,1.0,0.5,0.5714285714285714,6,3,0.5,1,0.5,1,0.8567590444621013,1,0.16666666666666666
graphrag,m037,multihop,How do Quantum Gaussian Mixture Models (QGMMs) and Quantum Boltzmann Machines (QBMs) differ in how they represent probability distributions?,"Quantum Gaussian Mixture Models (QGMMs) represent probability distributions using quantum states, while Quantum Boltzmann Machines (QBMs) describe the target distribution as a quantum thermal state derived from a parameterized Hamiltonian. QBM uses quantum Hamiltonians to define energy functions and can capture correlations through quantum effects like superposition and entanglement, unlike classical Boltzmann Machines which rely on sampling methods.",16.15,1,0,4,0.5,0.5,0.75,1.0,0.5,0.875,5,0,1.0,0,1.0,0,0.8528666676812273,1,0.4166666666666667
graphrag,m043,multihop,"How has hybrid post-quantum key agreement been deployed in Chrome, and how do hybrid PQC deployments keep backward compatibility with parties that do not support it?","Hybrid post-quantum key agreement has been deployed in Chrome through the use of a hybrid X25519+Kyber key agreement, starting with Google's BoringSSL. This deployment ensures backward compatibility by using both classical and post-quantum algorithms in parallel, providing security even if both are broken. Hybrid approaches like this help maintain compatibility with parties that may not yet support PQC, offering a transitional solution.",15.92,1,0,4,0.5,0.5,0.5,0.0,0.5,0.5454545454545454,8,2,0.75,1,0.75,1,0.8383182374781541,1,0.5
graphrag,m046,multihop,What applications of Quantum Neural Networks (QNNs) do quantum machine learning surveys highlight in healthcare and in cybersecurity?,"In healthcare, QNNs are highlighted for merging precision medicine principles with quantum computing. In cybersecurity, QNNs are used for intrusion detection, achieving high accuracy in anomaly detection with near-instant alerting latency.",14.2,1,0,4,1.0,1.0,0.75,0.0,0.5,0.8888888888888888,6,1,0.8333333333333334,1,0.6666666666666666,1,0.829092061064046,1,0.5833333333333334
graphrag,m064,multihop,"Why do large post-quantum keys and signatures cause problems for 5G network slices and handovers, and how large is the handshake overhead of hash-based signature schemes?","Large post-quantum keys and signatures can cause problems for 5G network slices and handovers due to increased size of PQC handshake messages, which can exacerbate signaling congestion for mobility-related operations. The handshake overhead of hash-based signature schemes is larger compared to classical algorithms, as stated in the context.",15.02,1,0,4,0.25,0.25,0.5,0.0,0.0,0.5,4,1,0.75,1,0.25,1,0.8413791165830565,1,0.25
graphrag,m068,multihop,How does the Module-LWE problem underlying ML-KEM and ML-DSA relate to the basic Learning With Errors (LWE) problem in lattice-based cryptography?,"The Module-LWE problem is a variation of the LWE problem, which is central to lattice-based cryptography. Both problems rely on the computational hardness of solving noisy linear systems, with Module-LWE specifically defined over module lattices, making it the foundation for NIST’s standardized ML-KEM and ML-DSA schemes.",15.66,1,0,4,0.75,0.8055555555555555,0.5,1.0,1.0,1.0,5,1,0.8,1,0.8,1,0.8286308495193913,1,0.8333333333333334
graphrag,g001,multihop,"Why does Shor's algorithm threaten RSA and elliptic-curve cryptography while Grover's algorithm can be countered by larger symmetric keys, and how many noisy qubits do theoretical estimates say are needed to break 2048-bit RSA?","Shor's algorithm threatens RSA and elliptic-curve cryptography because it can efficiently factor large integers and compute discrete logarithms, respectively, whereas Grover's algorithm can be countered by doubling key sizes for symmetric ciphers. Theoretical estimates suggest that factoring a 2048-bit RSA modulus could require only about one million noisy qubits.",16.11,1,0,4,0.75,1.0,0.5,1.0,1.0,0.8181818181818182,4,1,0.75,1,1.0,0,0.8028926270640575,1,0.75
graphrag,g002,multihop,"How does Kyber compare with RSA in key exchange speed in practical deployment tests, and on which hard problem is Kyber's security based?","In practical deployment tests, Kyber outperforms RSA in key exchange speed. Kyber's security is based on the hardness of the Module-LWE problem, making it resistant to quantum attacks.",13.94,1,0,4,0.5,0.5,1.0,1.0,0.5,0.625,3,0,1.0,0,0.3333333333333333,1,0.8198258665244343,1,0.5833333333333334
graphrag,g003,multihop,"Why do Smart City and IoVT applications need 5G unlike traditional IoT applications, and what security consequences does the predicted growth of IoT devices have?","Smart Cities and IoVT applications require 5G due to their need for significantly higher throughput rates to deliver optimal user experiences, which traditional IoT applications do not demand. The predicted growth of IoT devices poses security challenges, necessitating that 5G-empowered IoT systems maintain standard security and meet requirements such as authentication, access control, confidentiality, integrity, privacy preservation, and trust management.",14.58,1,0,4,0.5,0.75,1.0,0.0,0.5,0.875,5,0,1.0,0,0.8,1,0.8131413048585561,1,0.3333333333333333
graphrag,g005,multihop,"What problem with encoding classical data into quantum states does the data re-uploading strategy address, and what accuracy did a hybrid model with quantum-enhanced embeddings achieve for botnet detection?",The data re-uploading strategy addresses optimization issues in encoding classical data into quantum states. A hybrid model with quantum-enhanced embeddings achieved up to 94.7% accuracy for botnet detection.,14.41,1,0,4,0.25,1.0,0.5,0.0,0.5,0.6,2,0,1.0,0,1.0,0,0.7700410109203976,1,0.3333333333333333
graphrag,g007,multihop,"Why are multivariate quadratic (MQ) cryptographic schemes considered quantum-resistant, what are they mainly used for, and what property makes a multivariate signature scheme suitable for authenticating edge nodes?","Multivariate quadratic (MQ) cryptographic schemes are considered quantum-resistant because no efficient classical or quantum algorithms are known for solving generic MQ systems. They are mainly used in digital signatures and public-key encryption. A multivariate signature scheme is suitable for authenticating edge nodes due to their resistance to quantum attacks, which is essential for long-term security in edge computing environments.",14.34,1,0,4,0.75,0.6388888888888888,0.25,0.0,0.5,0.5,5,2,0.6,1,0.6,1,0.8296487576540276,1,0.4166666666666667
graphrag,g011,multihop,"How many side-channel leakage points have been reported in Kyber's decryption procedure, and how did researchers use machine learning in a side-channel attack on a Kyber implementation?","Three side-channel leakage points have been reported in Kyber's decryption procedure. Researchers used machine learning techniques to extract encryption keys from Kyber implementations, as mentioned in the context.",14.54,1,0,4,0.5,0.8333333333333333,0.75,1.0,0.0,0.6,2,0,1.0,0,0.5,1,0.8324156747241657,1,0.4166666666666667
graphrag,g015,multihop,"How do Kyber's public key and Dilithium's signature sizes compare with classical ECC, and are these post-quantum schemes considered feasible and efficient enough for IoT and mainstream applications?","Kyber's public key is significantly larger than the classical ECC's public key, being approximately 1088 bytes compared to 32 bytes for P-256. Dilithium's signatures are much larger than ECDSA signatures but smaller than some alternatives like McEliece. Both Kyber and Dilithium are considered feasible and efficient enough for IoT and mainstream applications due to their favorable balance across security, performance, and ease of implementation. They are suitable for general-purpose deployment across various applications, including constrained environments or bandwidth-sensitive ones.",18.1,1,0,4,0.5,0.5,0.0,0.0,0.0,0.1,11,6,0.45454545454545453,1,0.45454545454545453,1,0.814985738235709,1,0.4166666666666667
graphrag,g016,multihop,"How does quantum secure direct communication (QSDC) differ from quantum key distribution (QKD), and which intercity networks illustrate the development of practical QKD networks?","Quantum Secure Direct Communication (QSDC) provides a comprehensive, confidential, and near-instantaneous solution compared to QKD, which is primarily concerned with the secure negotiation of cryptographic keys. The China’s 2,000-km Quantum Key Distribution network and the SwissQuantum QKD network illustrate the development of practical QKD networks.",14.35,1,0,4,0.25,0.3333333333333333,0.5,0.0,0.0,0.42857142857142855,4,1,0.75,1,0.25,1,0.8199135276898408,1,0.3333333333333333
graphrag,g019,multihop,"Why must the key storages of a QKD network be kept synchronized, and why does QKD still depend on classical cryptography in practice?","Key storages in QKD networks must be kept synchronized to maintain the security and integrity of the distributed keys. This synchronization ensures that all connected clients within a secure site can access the correct key material without conflicts. In practice, QKD still depends on classical cryptography because QKD links need to be bootstrapped with an initial authentication method, often involving pre-shared keys or classical public-key signatures, to authenticate the first quantum exchange.",14.82,1,0,4,0.5,0.75,1.0,1.0,0.5,1.0,7,1,0.8571428571428571,1,0.7142857142857143,1,0.8124590703720714,1,0.5
graphrag,g021,multihop,"How many power traces does the improved two-step side-channel attack need to recover Kyber's secret key, and what hardware efficiency cost does the hardware-friendly shuffling countermeasure for Kyber have?",I cannot find the answer in the provided documents.,14.18,1,1,4,0.5,0.41666666666666663,1.0,0.0,0.0,0.2857142857142857,0,0,,0,,0,0.0,0,0.0
graphrag,g026,multihop,"How does higher-order masking, used to protect Kyber implementations against side-channel attacks, split a sensitive variable into shares, and how does threshold secret sharing split a secret among participants?","Masking splits a sensitive variable into many partially randomized shares, with fifth-order masking involving the secret being split five times. Threshold secret sharing also divides a secret into shares, but it requires a threshold number of shares to reconstruct the secret, enhancing security by distributing the secret among participants.",15.03,1,0,4,0.0,0.0,0.75,0.0,0.0,0.8181818181818182,9,2,0.7777777777777778,1,0.7777777777777778,1,0.7911885344097485,1,0.08333333333333333
graphrag,g027,multihop,"How do the best reported quantum gate error rates compare with those of classical transistors, and what limitations did a quantum error correction demonstration with a Toffoli gate on superconducting qubits have?",I cannot find the answer in the provided documents.,12.47,1,1,4,0.25,1.0,0.25,0.0,0.5,0.5,0,0,,0,,0,0.0,0,0.16666666666666666
graphrag,g028,multihop,"What is the status of Kyber and Dilithium support in the MbedTLS and Crypto++ libraries, and why are Kyber and Dilithium considered suitable for general-purpose deployment?","MbedTLS plans to add Kyber and Dilithium, with Kyber (as ML-KEM) likely coming first due to its urgency. MbedTLS does not yet have these algorithms implemented but has strong intent to add them. Crypto++ does not include NIST PQC finalists in its mainline distribution as of version 8.9, but third-party forks have added CRYSTALS-Kyber and CRYSTALS-Dilithium. Kyber and Dilithium are considered suitable for general-purpose deployment due to their quantum-resistance and balanced efficiency, making them attractive for secure communication protocols like TLS.",20.05,1,0,4,0.75,0.9166666666666666,1.0,0.0,0.5,0.7142857142857143,10,3,0.7,1,0.6,1,0.8116175008283112,1,0.5833333333333334
graphrag,g030,multihop,"What is the primary threat-actor behavior before Q-Day, and why does the 'Cryptographic Time Paradox' make this behavior dangerous?","The primary threat-actor behavior before Q-Day is to accelerate their operations to take advantage of any window of insecurity. This behavior is dangerous due to the 'Cryptographic Time Paradox,' which suggests that while organizations are transitioning to post-quantum cryptography (PQC), data remains vulnerable during the transition period. Threat actors might 'store (harvest) now, decrypt later,' exploiting the interim period when both old and new cryptographic systems are in use.",14.53,1,0,4,0.75,0.9166666666666666,1.0,1.0,0.0,0.7142857142857143,4,1,0.75,1,0.75,1,0.7895364174880459,1,0.5
graphrag,g034,multihop,"How does the security basis of quantum cryptography differ from traditional encryption, what are the two main categories of QKD protocols, and what practical requirement distinguishes QKD from traditional key agreement?","The security basis of quantum cryptography, including QKD, relies on principles of quantum mechanics, whereas traditional encryption depends on the computational complexity of mathematical problems. The two main categories of QKD protocols are Continuous Variable (CV) and Discrete Variable (DV) QKDPs. A practical requirement distinguishing QKD from traditional key agreement is that QKD eliminates the need for cryptographic keys, instead using quantum states for secure key exchange.",15.42,1,0,4,0.25,0.3333333333333333,0.75,1.0,0.5,0.6666666666666666,6,0,1.0,0,0.8333333333333334,1,0.8524761853117373,1,0.6666666666666666
graphrag,g035,multihop,"Which quantum mechanisms allow Shor's algorithm to factor large integers efficiently, and why does this threaten RSA?","Shor's algorithm allows efficient factorization of large integers on a quantum computer by leveraging the Quantum Fourier Transform and polynomial time complexity, specifically 𝜃((𝑙𝑜𝑔𝑁)2(𝑙𝑜𝑔(𝑙𝑜𝑔𝑁))(𝑙𝑜𝑔(𝑙𝑜𝑔(𝑙𝑜𝑔𝑁)))), which is much faster than classical algorithms. This capability threatens RSA because RSA's security relies on the difficulty of integer factorization, and Shor's algorithm can break RSA encryption by efficiently factoring the large composite numbers used in RSA keys.",17.69,1,0,4,0.5,0.41666666666666663,0.0,0.0,0.0,0.5,7,2,0.7142857142857143,1,0.5714285714285714,1,0.7656970957046942,1,0.4166666666666667
graphrag,g037,multihop,"What does the security of SPHINCS+ (SLH-DSA) rely on compared with the other algorithms NIST selected, how does it achieve stateless operation, and which FIPS standards correspond to Kyber, Dilithium and SPHINCS+?","The security of SPHINCS+ (SLH-DSA) relies on the stateless approach and hash functions, distinguishing it from lattice-based algorithms like Dilithium and Kyber which depend on hard problems in lattice theory. SPHINCS+ achieves stateless operation by not requiring any state to be maintained between signature generations, making it more resilient to side-channel attacks. NIST has standardized Kyber, Dilithium, and SPHINCS+ under FIPS 203, 204, and 205, respectively.",18.86,1,0,4,0.0,0.0,0.25,0.0,0.0,0.4444444444444444,4,1,0.75,1,0.75,1,0.7623739023751557,1,0.4166666666666667
graphrag,g039,multihop,"On what is the security of quantum key distribution (QKD) based, why are practical QKD experiments with attenuated lasers potentially insecure, and how can quantum machine learning help detect eavesdroppers?","The security of QKD is based on the principles of quantum mechanics, offering information-theoretic security. Practical QKD experiments with highly attenuated lasers can be insecure due to the potential for generating multi-photon signals, which can be exploited by eavesdroppers. Quantum machine learning can help detect eavesdroppers by enhancing eavesdropping detection capabilities and optimizing security analysis in QKD protocols.",16.09,1,0,4,0.75,0.6388888888888888,1.0,0.0,0.5,1.0,7,2,0.7142857142857143,1,0.8571428571428571,1,0.7807964940998317,1,0.5
graphrag,g040,multihop,"What speed-up does an FPGA accelerator with an optimized Number Theoretic Transform (NTT) achieve for Kyber, and why is polynomial multiplication in Kyber computed in the NTT domain?","FPGA implementations of Kyber have shown significant speedups for polynomial multiplication, among other operations. Specifically, Kyber's polynomial multiplications are computed in the NTT domain to reduce computational complexity from O(n²) to O(n·logn), significantly improving the speed of the entire encryption and decryption process.",17.02,1,0,4,0.5,0.5833333333333333,0.5,0.0,0.5,0.7142857142857143,4,0,1.0,0,1.0,0,0.8337261897835976,1,0.4166666666666667
graphrag,g042,multihop,"How do quantum generative adversarial networks (QGANs) work, and how does EQGAN improve their training?","QGANs work by implementing GANs using quantum circuits or hybrid quantum-classical architectures, leveraging quantum advantages for more efficient training and better representation of complex probability distributions. EQGAN improves QGAN training by enhancing performance and stability, achieving faster and more stable training compared to standard QGANs.",13.83,1,0,4,0.5,0.5833333333333333,0.75,0.0,0.0,0.5454545454545454,7,1,0.8571428571428571,1,0.42857142857142855,1,0.7806896765523602,1,0.0
graphrag,g043,multihop,"What reasons suggest that quantum computers can outperform classical computers, and what role does the precision of quantum state manipulation play?","Quantum computers can outperform classical computers due to their ability to handle multiple calculations simultaneously using quantum states, whereas classical computers operate on classical bits. The precision in quantum state manipulation, while currently dictated by the properties of materials and architecture, could theoretically allow quantum computers to solve problems more efficiently than classical computers if the precision is high enough. However, the exact precision required for quantum computers to outperform classical ones is not yet clear.",15.33,1,0,4,0.75,0.8055555555555555,1.0,1.0,0.5,0.8333333333333334,5,1,0.8,1,0.8,1,0.8197230848481528,1,0.0
graphrag,g044,multihop,"Why are variational quantum algorithms (VQAs) considered the leading strategy for NISQ devices, which constraints must they account for, and why does improving gate accuracy matter for near-term platforms?","Variational quantum algorithms (VQAs) are considered the leading strategy for NISQ devices because they can operate with the limited qubits and noisy environment of current quantum hardware, leveraging classical optimization techniques. They must account for constraints such as limited numbers of qubits, limited connectivity, and coherent and incoherent errors that limit quantum circuit depth. Improving gate accuracy matters for near-term platforms because it directly impacts the reliability and performance of VQAs, enabling more complex and accurate computations on NISQ devices.",16.85,1,0,4,0.75,1.0,1.0,0.0,0.5,0.7,12,3,0.75,1,0.75,1,0.861279681214449,1,0.5
graphrag,g045,multihop,"What error rate does an eavesdropper who measures and resends all photons in the rectilinear basis induce in BB84, and which two sources contribute to detection events in decoy-state QKD?",An eavesdropper who measures and resends all photons in the rectilinear basis induces a 1/4 error rate in BB84. Decoy-state QKD detection events are contributed to by statistical anomalies due to interweaving different intensities and by re-measuring the photons in their original basis.,16.79,1,0,4,0.25,0.25,0.25,0.0,0.5,0.6666666666666666,4,1,0.75,1,0.75,1,0.8079597862553506,0,0.25
graphrag,g046,multihop,"How has research on quantum machine learning for quantum key distribution evolved, and what risk do QML-based applications themselves face in 6G networks?","Research on quantum machine learning for quantum key distribution has integrated ML with QKD protocols to enhance security. However, QML-based applications in 6G networks face adversarial attacks, which can target QML algorithms and core functions.",14.17,1,0,4,0.5,0.41666666666666663,0.25,0.0,0.0,0.6,4,0,1.0,0,1.0,0,0.8598408494581866,1,0.4166666666666667
graphrag,g048,multihop,"How are variational quantum classifiers (VQCs) used for cyberattack detection, and why are variational quantum circuits the most common architecture for QGANs?","Variational Quantum Circuits (VQCs) are used for cyberattack detection in VQC-based frameworks that excel in both supervised and unsupervised settings, as highlighted in the context of Quantum Machine Learning for Cybersecurity. VQCs are the most common architecture for QGANs due to their flexibility and trainability, as noted in the survey of Quantum Generative Adversarial Networks.",15.59,1,0,4,0.25,0.5,1.0,1.0,0.5,0.75,7,0,1.0,0,0.8571428571428571,1,0.8361434298674274,1,0.5
graphrag,g050,multihop,"How are the generator and discriminator of quantum GANs trained, and how are the gradients obtained?","In QGANs, gradients are typically estimated using the parameter-shift rule or stochastic approximation, and optimization is performed via classical algorithms. The generator and discriminator are trained in an adversarial process, with the generator aiming to produce realistic quantum states and the discriminator learning to distinguish real from fake data.",14.85,1,0,4,0.75,0.6388888888888888,0.5,0.0,0.5,0.875,5,1,0.8,1,0.8,1,0.7459485663383753,1,0.5
graphrag,u001,unanswerable,Which company acquired the deception technology vendor Illusive Networks in 2022?,I cannot find the answer in the provided documents.,11.56,1,1,4,,,,,,,0,0,,0,,0,0.0,1,
graphrag,u002,unanswerable,Which Suricata rule keyword is used to match the TLS Server Name Indication (SNI) field?,I cannot find the answer in the provided documents.,11.93,1,1,4,,,,,,,0,0,,0,,0,0.0,1,
graphrag,u003,unanswerable,What packet-processing throughput did Facebook's Katran XDP-based layer-4 load balancer achieve?,I cannot find the answer in the provided documents.,12.42,1,1,4,,,,,,,0,0,,0,,0,0.0,1,
graphrag,u004,unanswerable,How many qubits does Google's Willow quantum processor have?,I cannot find the answer in the provided documents.,13.02,1,1,4,,,,,,,0,0,,0,,0,0.0,1,
graphrag,u006,unanswerable,How many artificial neurons does Intel's Hala Point neuromorphic system contain?,I cannot find the answer in the provided documents.,11.89,1,1,4,,,,,,,0,0,,0,,0,0.0,1,
graphrag,u007,unanswerable,What bit-width does the KIVI method use to quantize the key and value cache of large language models?,I cannot find the answer in the provided documents.,11.26,1,1,4,,,,,,,0,0,,0,,0,0.0,1,
graphrag,u008,unanswerable,Which community detection algorithm does Microsoft's GraphRAG use to build its hierarchy of entity communities?,I cannot find the answer in the provided documents.,11.24,1,1,4,,,,,,,0,0,,0,,0,0.0,1,
graphrag,u009,unanswerable,What is the name of the password-authenticated key exchange (also called Dragonfly) used by WPA3-Personal?,I cannot find the answer in the provided documents.,11.94,1,1,4,,,,,,,0,0,,0,,0,0.0,1,
graphrag,u010,unanswerable,How much ransom did Colonial Pipeline pay to the DarkSide ransomware group in 2021?,I cannot find the answer in the provided documents.,11.09,1,1,4,,,,,,,0,0,,0,,0,0.0,1,
graphrag,u011,unanswerable,What was the peak bandwidth of the 2016 Mirai botnet DDoS attack against the hosting provider OVH?,I cannot find the answer in the provided documents.,11.9,1,1,4,,,,,,,0,0,,0,,0,0.0,1,
graphrag,u012,unanswerable,What is the default block size of the Hadoop Distributed File System (HDFS)?,I cannot find the answer in the provided documents.,11.24,1,1,4,,,,,,,0,0,,0,,0,0.0,1,
graphrag,u013,unanswerable,Which IETF RFC number specifies version 1.3 of the TLS protocol?,I cannot find the answer in the provided documents.,11.96,1,1,4,,,,,,,0,0,,0,,0,0.0,1,
graphrag,u014,unanswerable,Which TCP port does the Modbus/TCP industrial control protocol use by default?,I cannot find the answer in the provided documents.,10.25,1,1,4,,,,,,,0,0,,0,,0,0.0,1,
graphrag,u015,unanswerable,How many uranium enrichment centrifuges at Natanz are estimated to have been destroyed by the Stuxnet worm?,I cannot find the answer in the provided documents.,13.65,1,1,4,,,,,,,0,0,,0,,0,0.0,1,
graphrag,u016,unanswerable,Which CVE identifier was assigned to the Bash vulnerability known as Shellshock?,I cannot find the answer in the provided documents.,13.23,1,1,4,,,,,,,0,0,,0,,0,0.0,1,
graphrag,u017,unanswerable,How many neural processing units does BrainChip's Akida neuromorphic processor contain?,I cannot find the answer in the provided documents.,12.33,1,1,4,,,,,,,0,0,,0,,0,0.0,1,
graphrag,u018,unanswerable,Which tool is commonly used by attackers to dump plaintext credentials from the LSASS process memory on Windows?,I cannot find the answer in the provided documents.,13.11,1,1,4,,,,,,,0,0,,0,,0,0.0,1,
graphrag,u019,unanswerable,What kind of data structure does the BloodHound tool build to reveal attack paths in Active Directory?,I cannot find the answer in the provided documents.,11.45,1,1,4,,,,,,,0,0,,0,,0,0.0,1,
graphrag,u020,unanswerable,What scripting language does the Zeek (formerly Bro) network security monitor use for its policy scripts?,I cannot find the answer in the provided documents.,13.05,1,1,4,,,,,,,0,0,,0,,0,0.0,1,
graphrag,u021,unanswerable,How many electrodes does the Neuralink N1 brain implant have?,I cannot find the answer in the provided documents.,12.4,1,1,4,,,,,,,0,0,,0,,0,0.0,1,
graphrag,u022,unanswerable,Approximately how many computers in how many countries were infected by the WannaCry ransomware in May 2017?,I cannot find the answer in the provided documents.,11.31,1,1,4,,,,,,,0,0,,0,,0,0.0,1,
graphrag,u023,unanswerable,What is the half-life of the carbon-14 isotope?,I cannot find the answer in the provided documents.,10.85,1,1,4,,,,,,,0,0,,0,,0,0.0,1,
graphrag,u024,unanswerable,Which country won the 2022 FIFA World Cup?,I cannot find the answer in the provided documents.,10.85,1,1,4,,,,,,,0,0,,0,,0,0.0,1,
