k,id,type,scope,in_scope,n_entities,entities_covered,entity_coverage,entity_coverage_lenient,n_relations,relations_direct,relation_completeness,relation_completeness_lenient,gold_chunk_reachable
10,q001,single,30,0,4,4,1.0,1.0,3,1,0.3333333333333333,0.3333333333333333,0.0
10,q005,single,30,0,2,0,0.0,0.5,1,0,0.0,0.0,0.0
10,q006,single,10,1,4,3,0.75,0.75,3,2,0.6666666666666666,0.6666666666666666,1.0
10,q007,single,10,1,3,2,0.6666666666666666,0.6666666666666666,2,1,0.5,0.5,1.0
10,q011,single,30,0,4,4,1.0,1.0,0,0,,,0.0
10,q015,single,10,1,5,4,0.8,1.0,3,1,0.3333333333333333,1.0,1.0
10,q017,single,10,1,5,4,0.8,1.0,4,1,0.25,0.5,1.0
10,q022,single,30,0,2,2,1.0,1.0,1,0,0.0,0.0,0.0
10,q044,single,30,0,5,1,0.2,0.2,4,0,0.0,0.0,0.0
10,q049,single,10,1,4,3,0.75,0.75,3,1,0.3333333333333333,0.3333333333333333,1.0
10,q057,single,20,0,3,2,0.6666666666666666,1.0,2,1,0.5,0.5,0.0
10,q061,single,20,0,3,2,0.6666666666666666,0.6666666666666666,2,0,0.0,0.0,0.0
10,q062,single,10,1,3,3,1.0,1.0,2,1,0.5,1.0,1.0
10,q063,single,10,1,3,2,0.6666666666666666,0.6666666666666666,2,0,0.0,0.0,1.0
10,q064,single,10,1,4,4,1.0,1.0,3,3,1.0,1.0,1.0
10,q065,single,20,0,4,1,0.25,0.5,3,0,0.0,0.0,0.0
10,q066,single,30,0,5,1,0.2,0.2,4,0,0.0,0.0,0.0
10,q067,single,20,0,3,2,0.6666666666666666,1.0,2,0,0.0,0.0,0.0
10,q068,single,20,0,3,3,1.0,1.0,2,0,0.0,0.5,0.0
10,q082,single,10,1,6,6,1.0,1.0,4,1,0.25,0.75,1.0
10,q092,single,30,0,3,2,0.6666666666666666,0.6666666666666666,2,0,0.0,0.0,0.0
10,s001,single,10,1,4,4,1.0,1.0,3,0,0.0,0.0,1.0
10,s002,single,20,0,6,2,0.3333333333333333,0.5,5,0,0.0,0.0,0.0
10,s004,single,20,0,3,2,0.6666666666666666,0.6666666666666666,2,0,0.0,0.0,0.0
10,s005,single,20,0,3,1,0.3333333333333333,0.3333333333333333,2,0,0.0,0.0,0.0
10,s006,single,30,0,5,3,0.6,0.6,4,0,0.0,0.0,0.0
10,s007,single,30,0,4,1,0.25,0.25,3,0,0.0,0.0,0.0
10,m001,multihop,10,1,8,8,1.0,1.0,7,2,0.2857142857142857,0.42857142857142855,1.0
10,m003,multihop,20,0,5,5,1.0,1.0,4,1,0.25,0.5,0.5
10,m005,multihop,30,0,9,5,0.5555555555555556,0.6666666666666666,7,0,0.0,0.0,0.0
10,m027,multihop,10,1,7,7,1.0,1.0,5,5,1.0,1.0,1.0
10,m037,multihop,20,0,8,2,0.25,0.5,6,0,0.0,0.3333333333333333,0.5
10,m043,multihop,30,0,6,4,0.6666666666666666,0.6666666666666666,5,0,0.0,0.0,0.0
10,m046,multihop,20,0,7,5,0.7142857142857143,0.7142857142857143,5,0,0.0,0.0,0.0
10,m064,multihop,30,0,8,2,0.25,0.25,5,0,0.0,0.0,0.0
10,m068,multihop,20,0,8,8,1.0,1.0,8,2,0.25,0.375,0.0
10,g001,multihop,30,0,10,9,0.9,1.0,7,3,0.42857142857142855,0.42857142857142855,0.5
10,g002,multihop,30,0,7,7,1.0,1.0,5,1,0.2,0.6,0.0
10,g003,multihop,30,0,7,4,0.5714285714285714,0.8571428571428571,3,0,0.0,0.0,0.5
10,g005,multihop,20,0,7,4,0.5714285714285714,0.7142857142857143,3,0,0.0,0.3333333333333333,0.5
10,g007,multihop,30,0,6,2,0.3333333333333333,0.3333333333333333,4,0,0.0,0.0,0.0
10,g011,multihop,20,0,5,4,0.8,1.0,4,2,0.5,0.75,0.5
10,g015,multihop,10,1,8,8,1.0,1.0,6,2,0.3333333333333333,0.3333333333333333,1.0
10,g016,multihop,20,0,6,3,0.5,0.5,5,0,0.0,0.0,0.5
10,g019,multihop,20,0,8,7,0.875,1.0,6,3,0.5,0.5,0.5
10,g021,multihop,20,0,9,8,0.8888888888888888,0.8888888888888888,8,3,0.375,0.5,0.5
10,g026,multihop,30,0,7,4,0.5714285714285714,0.5714285714285714,5,0,0.0,0.0,0.5
10,g027,multihop,10,1,8,7,0.875,1.0,6,1,0.16666666666666666,0.3333333333333333,1.0
10,g028,multihop,30,0,9,5,0.5555555555555556,0.5555555555555556,9,0,0.0,0.0,0.0
10,g030,multihop,30,0,8,7,0.875,0.875,7,0,0.0,0.14285714285714285,0.5
10,g034,multihop,20,0,7,4,0.5714285714285714,0.7142857142857143,5,1,0.2,0.2,0.0
10,g035,multihop,20,0,7,7,1.0,1.0,7,5,0.7142857142857143,0.8571428571428571,0.5
10,g037,multihop,30,0,11,9,0.8181818181818182,0.8181818181818182,8,2,0.25,0.25,0.0
10,g039,multihop,20,0,6,5,0.8333333333333334,0.8333333333333334,4,0,0.0,0.0,0.0
10,g040,multihop,30,0,5,4,0.8,0.8,5,3,0.6,0.6,0.5
10,g042,multihop,10,1,7,7,1.0,1.0,6,2,0.3333333333333333,0.6666666666666666,1.0
10,g043,multihop,20,0,5,4,0.8,0.8,3,0,0.0,0.0,0.0
10,g044,multihop,30,0,6,6,1.0,1.0,5,0,0.0,0.2,0.0
10,g045,multihop,30,0,6,3,0.5,0.8333333333333334,4,0,0.0,0.0,0.0
10,g046,multihop,30,0,5,3,0.6,0.6,4,1,0.25,0.25,0.0
10,g048,multihop,20,0,8,5,0.625,0.625,6,1,0.16666666666666666,0.16666666666666666,0.5
10,g050,multihop,30,0,6,6,1.0,1.0,5,4,0.8,0.8,0.5
20,q001,single,30,0,4,4,1.0,1.0,3,1,0.3333333333333333,0.3333333333333333,0.0
20,q005,single,30,0,2,0,0.0,0.5,1,0,0.0,0.0,0.0
20,q006,single,10,1,4,3,0.75,0.75,3,2,0.6666666666666666,0.6666666666666666,1.0
20,q007,single,10,1,3,3,1.0,1.0,2,1,0.5,0.5,1.0
20,q011,single,30,0,4,4,1.0,1.0,0,0,,,0.0
20,q015,single,10,1,5,4,0.8,1.0,3,1,0.3333333333333333,1.0,1.0
20,q017,single,10,1,5,5,1.0,1.0,4,2,0.5,0.5,1.0
20,q022,single,30,0,2,2,1.0,1.0,1,0,0.0,0.0,0.0
20,q044,single,30,0,5,1,0.2,0.2,4,0,0.0,0.0,0.0
20,q049,single,10,1,4,3,0.75,0.75,3,1,0.3333333333333333,0.3333333333333333,1.0
20,q057,single,20,1,3,3,1.0,1.0,2,1,0.5,0.5,1.0
20,q061,single,20,1,3,3,1.0,1.0,2,0,0.0,0.0,1.0
20,q062,single,10,1,3,3,1.0,1.0,2,1,0.5,1.0,1.0
20,q063,single,10,1,3,2,0.6666666666666666,0.6666666666666666,2,0,0.0,0.0,1.0
20,q064,single,10,1,4,4,1.0,1.0,3,3,1.0,1.0,1.0
20,q065,single,20,1,4,3,0.75,1.0,3,0,0.0,0.0,1.0
20,q066,single,30,0,5,2,0.4,0.4,4,0,0.0,0.0,0.0
20,q067,single,20,1,3,3,1.0,1.0,2,0,0.0,0.5,1.0
20,q068,single,20,1,3,3,1.0,1.0,2,1,0.5,0.5,1.0
20,q082,single,10,1,6,6,1.0,1.0,4,1,0.25,0.75,1.0
20,q092,single,30,0,3,2,0.6666666666666666,0.6666666666666666,2,0,0.0,0.0,0.0
20,s001,single,10,1,4,4,1.0,1.0,3,0,0.0,0.0,1.0
20,s002,single,20,1,6,5,0.8333333333333334,1.0,5,0,0.0,0.6,1.0
20,s004,single,20,1,3,3,1.0,1.0,2,0,0.0,0.0,1.0
20,s005,single,20,1,3,1,0.3333333333333333,0.6666666666666666,2,0,0.0,0.0,0.0
20,s006,single,30,0,5,3,0.6,0.6,4,1,0.25,0.25,0.0
20,s007,single,30,0,4,1,0.25,0.25,3,0,0.0,0.0,0.0
20,m001,multihop,10,1,8,8,1.0,1.0,7,2,0.2857142857142857,0.42857142857142855,1.0
20,m003,multihop,20,1,5,5,1.0,1.0,4,3,0.75,0.75,1.0
20,m005,multihop,30,0,9,6,0.6666666666666666,0.6666666666666666,7,0,0.0,0.0,0.0
20,m027,multihop,10,1,7,7,1.0,1.0,5,5,1.0,1.0,1.0
20,m037,multihop,20,1,8,6,0.75,0.75,6,1,0.16666666666666666,0.5,1.0
20,m043,multihop,30,0,6,4,0.6666666666666666,0.6666666666666666,5,0,0.0,0.0,0.0
20,m046,multihop,20,1,7,7,1.0,1.0,5,2,0.4,0.4,1.0
20,m064,multihop,30,0,8,2,0.25,0.375,5,0,0.0,0.0,0.5
20,m068,multihop,20,1,8,8,1.0,1.0,8,3,0.375,0.625,1.0
20,g001,multihop,30,0,10,9,0.9,1.0,7,4,0.5714285714285714,0.5714285714285714,0.5
20,g002,multihop,30,0,7,7,1.0,1.0,5,2,0.4,0.8,0.5
20,g003,multihop,30,0,7,4,0.5714285714285714,0.8571428571428571,3,0,0.0,0.0,0.5
20,g005,multihop,20,1,7,7,1.0,1.0,3,0,0.0,0.3333333333333333,1.0
20,g007,multihop,30,0,6,4,0.6666666666666666,0.6666666666666666,4,2,0.5,0.5,0.5
20,g011,multihop,20,1,5,5,1.0,1.0,4,2,0.5,0.75,1.0
20,g015,multihop,10,1,8,8,1.0,1.0,6,2,0.3333333333333333,0.8333333333333334,1.0
20,g016,multihop,20,1,6,5,0.8333333333333334,0.8333333333333334,5,1,0.2,0.6,1.0
20,g019,multihop,20,1,8,8,1.0,1.0,6,4,0.6666666666666666,0.8333333333333334,1.0
20,g021,multihop,20,1,9,9,1.0,1.0,8,4,0.5,0.75,0.5
20,g026,multihop,30,0,7,4,0.5714285714285714,0.5714285714285714,5,0,0.0,0.0,0.5
20,g027,multihop,10,1,8,7,0.875,1.0,6,1,0.16666666666666666,0.3333333333333333,1.0
20,g028,multihop,30,0,9,5,0.5555555555555556,0.5555555555555556,9,0,0.0,0.0,0.0
20,g030,multihop,30,0,8,7,0.875,0.875,7,0,0.0,0.14285714285714285,0.5
20,g034,multihop,20,1,7,6,0.8571428571428571,1.0,5,3,0.6,0.6,1.0
20,g035,multihop,20,1,7,7,1.0,1.0,7,5,0.7142857142857143,0.8571428571428571,1.0
20,g037,multihop,30,0,11,11,1.0,1.0,8,5,0.625,0.875,0.5
20,g039,multihop,20,1,6,5,0.8333333333333334,1.0,4,1,0.25,0.5,1.0
20,g040,multihop,30,0,5,4,0.8,1.0,5,4,0.8,0.8,0.5
20,g042,multihop,10,1,7,7,1.0,1.0,6,2,0.3333333333333333,0.6666666666666666,1.0
20,g043,multihop,20,1,5,4,0.8,0.8,3,1,0.3333333333333333,0.3333333333333333,1.0
20,g044,multihop,30,0,6,6,1.0,1.0,5,0,0.0,0.0,0.5
20,g045,multihop,30,0,6,4,0.6666666666666666,0.8333333333333334,4,1,0.25,0.25,0.0
20,g046,multihop,30,0,5,4,0.8,0.8,4,3,0.75,0.75,0.5
20,g048,multihop,20,1,8,7,0.875,0.875,6,2,0.3333333333333333,0.5,1.0
20,g050,multihop,30,0,6,6,1.0,1.0,5,4,0.8,0.8,0.5
30,q001,single,30,1,4,4,1.0,1.0,3,3,1.0,1.0,1.0
30,q005,single,30,1,2,2,1.0,1.0,1,1,1.0,1.0,1.0
30,q006,single,10,1,4,3,0.75,0.75,3,2,0.6666666666666666,0.6666666666666666,1.0
30,q007,single,10,1,3,3,1.0,1.0,2,1,0.5,0.5,1.0
30,q011,single,30,1,4,4,1.0,1.0,0,0,,,1.0
30,q015,single,10,1,5,4,0.8,1.0,3,1,0.3333333333333333,1.0,1.0
30,q017,single,10,1,5,5,1.0,1.0,4,2,0.5,0.75,1.0
30,q022,single,30,1,2,2,1.0,1.0,1,0,0.0,0.0,1.0
30,q044,single,30,1,5,5,1.0,1.0,4,1,0.25,0.25,1.0
30,q049,single,10,1,4,3,0.75,0.75,3,1,0.3333333333333333,0.3333333333333333,1.0
30,q057,single,20,1,3,3,1.0,1.0,2,1,0.5,0.5,1.0
30,q061,single,20,1,3,3,1.0,1.0,2,0,0.0,0.0,1.0
30,q062,single,10,1,3,3,1.0,1.0,2,1,0.5,1.0,1.0
30,q063,single,10,1,3,2,0.6666666666666666,0.6666666666666666,2,0,0.0,0.0,1.0
30,q064,single,10,1,4,4,1.0,1.0,3,3,1.0,1.0,1.0
30,q065,single,20,1,4,3,0.75,1.0,3,0,0.0,0.0,1.0
30,q066,single,30,1,5,3,0.6,0.8,4,0,0.0,0.0,1.0
30,q067,single,20,1,3,3,1.0,1.0,2,0,0.0,0.5,1.0
30,q068,single,20,1,3,3,1.0,1.0,2,1,0.5,0.5,1.0
30,q082,single,10,1,6,6,1.0,1.0,4,1,0.25,0.75,1.0
30,q092,single,30,1,3,2,0.6666666666666666,0.6666666666666666,2,0,0.0,0.0,1.0
30,s001,single,10,1,4,4,1.0,1.0,3,0,0.0,0.0,1.0
30,s002,single,20,1,6,5,0.8333333333333334,1.0,5,0,0.0,0.6,1.0
30,s004,single,20,1,3,3,1.0,1.0,2,1,0.5,0.5,1.0
30,s005,single,20,1,3,2,0.6666666666666666,1.0,2,0,0.0,0.0,0.0
30,s006,single,30,1,5,5,1.0,1.0,4,1,0.25,0.25,1.0
30,s007,single,30,1,4,3,0.75,0.75,3,0,0.0,0.0,1.0
30,m001,multihop,10,1,8,8,1.0,1.0,7,2,0.2857142857142857,0.42857142857142855,1.0
30,m003,multihop,20,1,5,5,1.0,1.0,4,3,0.75,1.0,1.0
30,m005,multihop,30,1,9,9,1.0,1.0,7,4,0.5714285714285714,0.5714285714285714,1.0
30,m027,multihop,10,1,7,7,1.0,1.0,5,5,1.0,1.0,1.0
30,m037,multihop,20,1,8,6,0.75,0.75,6,1,0.16666666666666666,0.5,1.0
30,m043,multihop,30,1,6,5,0.8333333333333334,0.8333333333333334,5,1,0.2,0.2,1.0
30,m046,multihop,20,1,7,7,1.0,1.0,5,2,0.4,0.4,1.0
30,m064,multihop,30,1,8,5,0.625,0.625,5,1,0.2,0.2,1.0
30,m068,multihop,20,1,8,8,1.0,1.0,8,6,0.75,1.0,1.0
30,g001,multihop,30,1,10,9,0.9,1.0,7,5,0.7142857142857143,0.8571428571428571,1.0
30,g002,multihop,30,1,7,7,1.0,1.0,5,5,1.0,1.0,1.0
30,g003,multihop,30,1,7,6,0.8571428571428571,1.0,3,2,0.6666666666666666,0.6666666666666666,1.0
30,g005,multihop,20,1,7,7,1.0,1.0,3,0,0.0,0.3333333333333333,1.0
30,g007,multihop,30,1,6,4,0.6666666666666666,0.6666666666666666,4,2,0.5,0.5,1.0
30,g011,multihop,20,1,5,5,1.0,1.0,4,2,0.5,0.75,1.0
30,g015,multihop,10,1,8,8,1.0,1.0,6,4,0.6666666666666666,0.8333333333333334,1.0
30,g016,multihop,20,1,6,5,0.8333333333333334,0.8333333333333334,5,1,0.2,0.6,1.0
30,g019,multihop,20,1,8,8,1.0,1.0,6,4,0.6666666666666666,0.8333333333333334,1.0
30,g021,multihop,20,1,9,9,1.0,1.0,8,4,0.5,0.75,0.5
30,g026,multihop,30,1,7,6,0.8571428571428571,0.8571428571428571,5,1,0.2,0.2,1.0
30,g027,multihop,10,1,8,7,0.875,1.0,6,1,0.16666666666666666,0.3333333333333333,1.0
30,g028,multihop,30,1,9,9,1.0,1.0,9,5,0.5555555555555556,0.5555555555555556,1.0
30,g030,multihop,30,1,8,7,0.875,0.875,7,0,0.0,0.5714285714285714,1.0
30,g034,multihop,20,1,7,7,1.0,1.0,5,3,0.6,0.6,1.0
30,g035,multihop,20,1,7,7,1.0,1.0,7,5,0.7142857142857143,0.8571428571428571,1.0
30,g037,multihop,30,1,11,11,1.0,1.0,8,6,0.75,0.875,1.0
30,g039,multihop,20,1,6,5,0.8333333333333334,1.0,4,1,0.25,0.5,1.0
30,g040,multihop,30,1,5,5,1.0,1.0,5,4,0.8,0.8,1.0
30,g042,multihop,10,1,7,7,1.0,1.0,6,2,0.3333333333333333,0.6666666666666666,1.0
30,g043,multihop,20,1,5,4,0.8,0.8,3,1,0.3333333333333333,0.3333333333333333,1.0
30,g044,multihop,30,1,6,6,1.0,1.0,5,1,0.2,0.4,1.0
30,g045,multihop,30,1,6,5,0.8333333333333334,1.0,4,1,0.25,0.25,0.5
30,g046,multihop,30,1,5,5,1.0,1.0,4,4,1.0,1.0,1.0
30,g048,multihop,20,1,8,7,0.875,0.875,6,2,0.3333333333333333,0.5,1.0
30,g050,multihop,30,1,6,6,1.0,1.0,5,4,0.8,0.8,1.0
