set,k,n_questions,n_gold_entities,n_gold_relations,entity_coverage,entity_coverage_ci95,relation_completeness,relation_completeness_ci95,entity_coverage_lenient,relation_completeness_lenient,relation_completeness_2hop,relation_endpoints_covered,questions_all_entities_covered,gold_chunk_reachable
in_scope,10,15,74,59,0.9054,"[0.838, 0.959]",0.3898,"[0.271, 0.508]",0.9459,0.5593,0.5593,0.8475,0.5333,1.0
in_scope,20,37,167,151,0.9042,"[0.862, 0.946]",0.3709,"[0.291, 0.450]",0.9461,0.5695,0.6291,0.8808,0.6216,0.9595
in_scope,30,62,262,250,0.8931,"[0.855, 0.927]",0.416,"[0.356, 0.476]",0.9275,0.56,0.652,0.84,0.6129,0.9677
S10,10,15,74,59,0.9054,"[0.838, 0.959]",0.3898,"[0.271, 0.508]",0.9459,0.5593,0.5593,0.8475,0.5333,1.0
S10,20,15,74,59,0.9324,"[0.865, 0.986]",0.4068,"[0.288, 0.525]",0.9595,0.6102,0.6102,0.8814,0.6667,1.0
S10,30,15,74,59,0.9324,"[0.865, 0.986]",0.4407,"[0.322, 0.559]",0.9595,0.6271,0.6949,0.8814,0.6667,1.0
S20,20,37,167,151,0.9042,"[0.862, 0.946]",0.3709,"[0.291, 0.450]",0.9461,0.5695,0.6291,0.8808,0.6216,0.9595
S20,30,37,167,151,0.9162,"[0.874, 0.958]",0.4106,"[0.331, 0.490]",0.9521,0.6093,0.6623,0.894,0.6486,0.9595
all,10,62,262,250,0.6412,"[0.580, 0.698]",0.204,"[0.156, 0.256]",0.7099,0.288,0.344,0.548,0.2903,0.3629
all,20,62,262,250,0.7748,"[0.721, 0.824]",0.308,"[0.252, 0.364]",0.8244,0.44,0.508,0.716,0.4839,0.6694
all,30,62,262,250,0.8931,"[0.855, 0.927]",0.416,"[0.356, 0.476]",0.9275,0.56,0.652,0.84,0.6129,0.9677
