order,k,entities,relations,new_entities,entities_2plus_share,relations_2plus_share,largest_component_share
papers.json,1,235,218,235,0.0,0.0,0.5787234042553191
papers.json,2,329,288,94,0.0060790273556231,0.0,0.5623100303951368
papers.json,3,831,799,502,0.05776173285198556,0.007509386733416771,0.6341756919374247
papers.json,4,1107,1048,276,0.05510388437217705,0.007633587786259542,0.6332429990966576
papers.json,5,1598,1537,491,0.06633291614518148,0.0071567989590110605,0.6401752190237797
papers.json,6,1695,1654,97,0.06607669616519174,0.006650544135429262,0.6412979351032448
papers.json,7,1853,1800,158,0.07015650296815974,0.007222222222222222,0.638963842417701
papers.json,8,2365,2352,512,0.07315010570824525,0.008928571428571428,0.6431289640591966
papers.json,9,2699,2693,334,0.08373471656168952,0.008169327887114742,0.6446832160059282
papers.json,10,3278,3261,579,0.08084197681513118,0.007359705611775529,0.6446003660768761
papers.json,11,3393,3373,115,0.08488063660477453,0.00830121553513193,0.6410256410256411
papers.json,12,3528,3477,135,0.08701814058956917,0.009203336209375898,0.6369047619047619
papers.json,13,3586,3542,58,0.08923591745677635,0.010728402032749858,0.6377579475738985
papers.json,14,4028,4083,442,0.09731876861966236,0.01322556943423953,0.6437437934458788
papers.json,15,4173,4290,145,0.10208483105679367,0.013752913752913752,0.6443805415768032
papers.json,16,4696,4867,523,0.09646507666098808,0.012738853503184714,0.6503407155025553
papers.json,17,5052,5458,356,0.10629453681710213,0.01740564309270795,0.6530087094220111
papers.json,18,5156,5557,104,0.10667183863460046,0.017815368004318877,0.6539953452288596
papers.json,19,5545,5970,389,0.1109107303877367,0.019095477386934675,0.6562669071235347
papers.json,20,5705,6165,160,0.11095530236634531,0.018491484184914843,0.656441717791411
papers.json,21,5864,6483,159,0.11391541609822646,0.020206694431590313,0.6592769440654843
papers.json,22,6112,6731,248,0.11534685863874346,0.02094785321646115,0.6600130890052356
papers.json,23,6178,6822,66,0.11492392359987051,0.020668425681618294,0.6612172224020718
papers.json,24,6482,7211,304,0.11693921629126813,0.020385522118984884,0.6635297747608763
papers.json,25,6680,7426,198,0.11676646706586827,0.020333961755992457,0.6645209580838324
papers.json,26,6914,7621,234,0.11614116285796934,0.020207321873769845,0.659531385594446
papers.json,27,6957,7750,43,0.11916055771165732,0.02335483870967742,0.6604858415983901
papers.json,28,7432,8221,475,0.12123250807319699,0.02323318331103272,0.6603875134553283
papers.json,29,7818,8706,386,0.12228191353287286,0.0226280725936136,0.6634689178818112
papers.json,30,8352,9337,534,0.125,0.02399057513119846,0.6616379310344828
random1,1,210,196,210,0.0,0.0,0.5714285714285714
random1,2,416,407,206,0.02403846153846154,0.002457002457002457,0.5889423076923077
random1,3,558,523,142,0.03046594982078853,0.0019120458891013384,0.5734767025089605
random1,4,685,697,127,0.0364963503649635,0.0014347202295552368,0.5985401459854015
random1,5,763,789,78,0.04456094364351245,0.0012674271229404308,0.6199213630406291
random1,6,932,934,169,0.06330472103004292,0.004282655246252677,0.6233905579399142
random1,7,1020,1050,88,0.0696078431372549,0.004761904761904762,0.6284313725490196
random1,8,1088,1120,68,0.06985294117647059,0.005357142857142857,0.6332720588235294
random1,9,1236,1228,148,0.07605177993527508,0.004885993485342019,0.6035598705501618
random1,10,1781,1808,545,0.06625491297024144,0.00331858407079646,0.626614261650758
random1,11,2360,2371,579,0.06652542372881357,0.005061155630535639,0.6296610169491526
random1,12,2606,2569,246,0.07060629316960859,0.005449591280653951,0.6155026861089793
random1,13,3287,3236,681,0.07362336477030727,0.00834363411619283,0.6139336781259507
random1,14,3575,3491,288,0.07328671328671328,0.008879977083930107,0.6137062937062937
random1,15,3975,4086,400,0.08226415094339623,0.016397454723445913,0.6203773584905661
random1,16,4498,4562,523,0.08670520231213873,0.017755370451556333,0.6162738995108937
random1,17,4569,4631,71,0.08820310790107244,0.01770675879939538,0.6156708251258481
random1,18,4972,5168,403,0.0999597747385358,0.019156346749226005,0.6261061946902655
random1,19,5383,5587,411,0.10235927921233513,0.019867549668874173,0.6314322868289058
random1,20,5770,6079,387,0.10641247833622183,0.02122059549267972,0.6388214904679376
random1,21,5870,6178,100,0.10681431005110732,0.021528002589834897,0.6395229982964225
random1,22,6293,6668,423,0.10757985062768155,0.020245950809838032,0.6445256634355633
random1,23,6654,7125,361,0.11331529906822964,0.022035087719298244,0.6477306883077848
random1,24,6853,7339,199,0.11396468699839486,0.022073852023436435,0.6492047278564133
random1,25,7276,7868,423,0.11627267729521715,0.022877478393492627,0.652693787795492
random1,26,7569,8201,293,0.11784912141630334,0.022802097305206683,0.6558330030387105
random1,27,7861,8589,292,0.12046813382521308,0.022703457911281873,0.6575499300343468
random1,28,8000,8788,139,0.122625,0.02321347291761493,0.6585
random1,29,8212,9029,212,0.12347783731125182,0.023147635397053938,0.6598879688261081
random1,30,8352,9337,140,0.125,0.02399057513119846,0.6616379310344828
random2,1,216,212,216,0.0,0.0,0.6064814814814815
random2,2,627,616,411,0.012759170653907496,0.0,0.594896331738437
random2,3,1189,1197,562,0.01934398654331371,0.0,0.6383515559293524
random2,4,1348,1305,159,0.030415430267062313,0.0,0.6186943620178041
random2,5,1843,1939,495,0.05263157894736842,0.0046415678184631255,0.6294085729788389
random2,6,2041,2273,198,0.07055365017148457,0.006599208095028597,0.6418422341989221
random2,7,2161,2376,120,0.06987505784359092,0.006313131313131313,0.6399814900509023
random2,8,2639,2922,478,0.08071239105721864,0.009240246406570842,0.6483516483516484
random2,9,2697,3058,58,0.09010011123470522,0.018639633747547416,0.6529477196885428
random2,10,2872,3252,175,0.09157381615598886,0.01783517835178352,0.6518105849582173
random2,11,3448,3810,576,0.0872969837587007,0.01811023622047244,0.6447215777262181
random2,12,3506,3875,58,0.08870507701083856,0.01858064516129032,0.6474614945807188
random2,13,4016,4351,510,0.09586653386454183,0.0186164100206849,0.6449203187250996
random2,14,4091,4420,75,0.09728672696162308,0.018552036199095023,0.6426301637741384
random2,15,4694,5063,603,0.10097997443544951,0.02152873790242939,0.6371964209629314
random2,16,5074,5557,380,0.10681907765076862,0.021594385459780457,0.6446590461174616
random2,17,5311,5801,237,0.10525324797589908,0.02120324082054818,0.6452645452833742
random2,18,5581,6055,270,0.1053574628202831,0.021139554087530966,0.6455832288120409
random2,19,5704,6190,123,0.10641654978962131,0.02197092084006462,0.6448106591865358
random2,20,6099,6659,395,0.11132972618462043,0.02237573209190569,0.6492867683226758
random2,21,6506,7147,407,0.11343375345834614,0.021407583601511123,0.6530894558868736
random2,22,6610,7259,104,0.1140695915279879,0.021628323460531753,0.6511346444780636
random2,23,6982,7785,372,0.1193067888857061,0.022864482980089917,0.6559725007161272
random2,24,7047,7876,65,0.11919965942954448,0.02260030472320975,0.6570171704271321
random2,25,7121,7985,74,0.11880353882881618,0.023168440826549782,0.6579132144361747
random2,26,7323,8200,202,0.11921343711593609,0.023048780487804878,0.6583367472347399
random2,27,7461,8399,138,0.12169950408792388,0.023455173234908918,0.6596970915426886
random2,28,7694,8594,233,0.12061346503769171,0.023272050267628578,0.655055887704705
random2,29,7987,8929,293,0.12232377613622136,0.0229588979728973,0.6585701765368724
random2,30,8352,9337,365,0.125,0.02399057513119846,0.6616379310344828
random3,1,574,562,574,0.0,0.0,0.5888501742160279
random3,2,781,774,207,0.011523687580025609,0.0,0.5953905249679897
random3,3,1034,993,253,0.0183752417794971,0.0,0.5909090909090909
random3,4,1345,1252,311,0.03271375464684015,0.0,0.5933085501858736
random3,5,1549,1464,204,0.04389928986442866,0.004098360655737705,0.5900581020012912
random3,6,2094,2044,545,0.04345749761222541,0.003424657534246575,0.6232091690544412
random3,7,2440,2384,346,0.05491803278688524,0.0037751677852348995,0.6303278688524591
random3,8,2855,3010,415,0.08546409807355516,0.007973421926910298,0.6483362521891418
random3,9,3399,3493,544,0.08884966166519565,0.009161179501860864,0.6393056781406296
random3,10,4013,4146,614,0.09818091203588337,0.013748191027496382,0.6374283578370297
random3,11,4273,4344,260,0.09501521179499181,0.013351749539594844,0.6264919260472736
random3,12,4355,4456,82,0.0955223880597015,0.013913824057450628,0.6291618828932262
random3,13,4469,4570,114,0.09599462967106735,0.01400437636761488,0.6251957932423361
random3,14,4572,4671,103,0.097331583552056,0.014129736673089274,0.6251093613298337
random3,15,4970,5138,398,0.10241448692152917,0.01634877384196185,0.6299798792756539
random3,16,5034,5206,64,0.10230433055224473,0.016519400691509797,0.6307111640842272
random3,17,5262,5449,228,0.1031927023945268,0.016516792071939807,0.6320790573926264
random3,18,5668,5935,406,0.10550458715596331,0.016343723673125525,0.6402611150317572
random3,19,5966,6328,298,0.10945357023131076,0.016118836915297093,0.643479718404291
random3,20,6489,6878,523,0.11003236245954692,0.01715615004361733,0.6469409770380644
random3,21,6917,7411,428,0.11334393523203701,0.018620968830117393,0.6508601995084574
random3,22,6975,7479,58,0.11383512544802868,0.018719080090921245,0.6500358422939068
random3,23,7349,7967,374,0.11661450537488094,0.019706288439814233,0.6549190366036195
random3,24,7415,8058,66,0.11638570465273095,0.0194837428642343,0.6558327714093055
random3,25,7536,8193,121,0.11717091295116773,0.020261198584157206,0.6560509554140127
random3,26,7905,8603,369,0.12043010752688173,0.02162036498895734,0.6594560404807084
random3,27,8025,8703,120,0.12124610591900312,0.02171664943123061,0.6578193146417446
random3,28,8173,8897,148,0.12137526000244708,0.02135551309430145,0.6585097271503731
random3,29,8314,9212,141,0.12316574452730335,0.021602257924446373,0.6605725282655761
random3,30,8352,9337,38,0.125,0.02399057513119846,0.6616379310344828
random4,1,526,494,526,0.0,0.0,0.6768060836501901
random4,2,660,668,134,0.007575757575757576,0.0,0.6727272727272727
random4,3,858,880,198,0.046620046620046623,0.006818181818181818,0.6503496503496503
random4,4,1340,1388,482,0.05970149253731343,0.010806916426512969,0.6634328358208955
random4,5,1831,1930,491,0.070999453850355,0.015544041450777202,0.6504642271982524
random4,6,1986,2036,155,0.07301107754279959,0.015717092337917484,0.6299093655589124
random4,7,2416,2650,430,0.09561258278145696,0.020377358490566037,0.6427980132450332
random4,8,2565,2789,149,0.09746588693957114,0.02187163858013625,0.6409356725146199
random4,9,2996,3214,431,0.09746328437917223,0.020846297448662104,0.6398531375166889
random4,10,3527,3793,531,0.08931102920328891,0.01792776166622726,0.6478593705698894
random4,11,4099,4436,572,0.10270797755550135,0.021415689810640216,0.6543059282751891
random4,12,4655,4992,556,0.10118152524167562,0.021434294871794872,0.6506981740064447
random4,13,4891,5235,236,0.1020241259456144,0.021203438395415473,0.6514005315886322
random4,14,5189,5624,298,0.10522258624012334,0.021159317211948792,0.653883214492195
random4,15,5563,6085,374,0.11558511594463419,0.022678718159408383,0.6557612798849541
random4,16,6066,6562,503,0.1172106824925816,0.02240170679670832,0.653478404220244
random4,17,6311,6757,245,0.11503723657106639,0.022347195500961967,0.6468071620979242
random4,18,6464,6951,153,0.1155631188118812,0.02186735721478924,0.6477413366336634
random4,19,6667,7166,203,0.11609419529023549,0.021769466927156013,0.6496175191240438
random4,20,6727,7235,60,0.11639661067340568,0.021700069108500347,0.6487290025271295
random4,21,6826,7346,99,0.11763844125402871,0.021916689354750885,0.6485496630530325
random4,22,7070,7594,244,0.11867043847241868,0.022254411377403215,0.6495049504950495
random4,23,7492,8123,422,0.12052856380138814,0.023021051335713406,0.653630539241858
random4,24,7593,8224,101,0.1211642302120374,0.022981517509727628,0.6545502436454629
random4,25,7659,8315,66,0.12077294685990338,0.022730006013229102,0.6554380467423946
random4,26,7799,8623,140,0.12257981792537505,0.023657659747187754,0.6573919733299141
random4,27,8087,8957,288,0.12489180165698034,0.023445350005582226,0.6611846172870038
random4,28,8144,9022,57,0.12487721021611002,0.023608955885612945,0.6613457760314342
random4,29,8278,9228,134,0.1253926069098816,0.023515387949718247,0.660908431988403
random4,30,8352,9337,74,0.125,0.02399057513119846,0.6616379310344828
random5,1,282,200,282,0.0,0.0,0.34397163120567376
random5,2,471,396,189,0.044585987261146494,0.0,0.5329087048832272
random5,3,1095,965,624,0.0319634703196347,0.0010362694300518134,0.5680365296803653
random5,4,1199,1082,104,0.03252710592160134,0.0009242144177449168,0.5779816513761468
random5,5,1274,1173,75,0.04081632653061224,0.0017050298380221654,0.5910518053375197
random5,6,1397,1345,123,0.046528274874731566,0.002973977695167286,0.5948460987831067
random5,7,1649,1589,252,0.05821710127349909,0.0062932662051604785,0.6112795633717405
random5,8,1823,1800,174,0.06308283049917718,0.006111111111111111,0.6143719144267691
random5,9,1977,1945,154,0.07182599898836621,0.006683804627249357,0.6160849772382397
random5,10,2187,2271,210,0.07956104252400549,0.011448701012769706,0.629172382258802
random5,11,2314,2387,127,0.08254105445116681,0.010892333472978634,0.6257562662057045
random5,12,2872,2864,558,0.08426183844011143,0.01361731843575419,0.6145543175487466
random5,13,2947,2933,75,0.08618934509670852,0.013637913399249914,0.6118086189345097
random5,14,3129,3144,182,0.08756791307126878,0.013676844783715014,0.6123362096516459
random5,15,3414,3402,285,0.08787346221441125,0.012933568489124045,0.6154071470415935
random5,16,3841,3900,427,0.09320489455870867,0.015128205128205128,0.6237958864878937
random5,17,4365,4478,524,0.0879725085910653,0.013622152746761948,0.6316151202749141
random5,18,4733,5074,368,0.09845763786182125,0.01911706740244383,0.6357489964081977
random5,19,5138,5543,405,0.10315297781237835,0.020927295688255458,0.640716231996886
random5,20,5575,6078,437,0.10547085201793722,0.021224086870681145,0.6473542600896861
random5,21,5707,6181,132,0.10565971613807605,0.021517553793884484,0.6428946907306816
random5,22,5764,6246,57,0.10600277585010409,0.021773935318603905,0.6433032616238723
random5,23,5972,6462,208,0.10699933020763563,0.021510368307025688,0.6433355659745479
random5,24,6365,6989,393,0.11233307148468186,0.02260695378451853,0.6494893951296151
random5,25,6742,7399,377,0.11658261643429249,0.02378699824300581,0.6517353900919608
random5,26,7285,8031,543,0.12161976664378861,0.02515253393101731,0.6521619766643788
random5,27,7583,8366,298,0.12264275352762759,0.02474300741094908,0.6562046683370698
random5,28,7970,8851,387,0.12358845671267252,0.024065077392385042,0.6595984943538269
random5,29,8068,8950,98,0.12382250867625186,0.024245810055865923,0.6598909271194844
random5,30,8352,9337,284,0.125,0.02399057513119846,0.6616379310344828
random6,1,210,196,210,0.0,0.0,0.5714285714285714
random6,2,705,628,495,0.009929078014184398,0.0,0.5787234042553191
random6,3,1233,1269,528,0.038118410381184104,0.0015760441292356187,0.6171938361719383
random6,4,1410,1480,177,0.05177304964539007,0.0013513513513513514,0.6198581560283688
random6,5,1483,1571,73,0.055967633175994604,0.0019096117122851686,0.629130141604855
random6,6,2031,2151,548,0.052191038897095025,0.001394700139470014,0.6430329886755293
random6,7,2189,2292,158,0.06258565555047967,0.004363001745200698,0.6377341251713111
random6,8,2264,2361,75,0.06625441696113074,0.004659042778483694,0.6364840989399293
random6,9,2729,2871,465,0.07328691828508611,0.006269592476489028,0.6496885305972884
random6,10,2975,3069,246,0.07596638655462185,0.006516780710329097,0.6376470588235295
random6,11,3390,3535,415,0.0887905604719764,0.01272984441301273,0.6430678466076696
random6,12,3456,3603,66,0.08825231481481481,0.013044684984734944,0.6438078703703703
random6,13,3586,3704,130,0.0897936419408812,0.01376889848812095,0.6363636363636364
random6,14,4002,4193,416,0.09270364817591205,0.012640114476508467,0.6441779110444777
random6,15,4474,4740,472,0.0967814036656236,0.01350210970464135,0.648413053196245
random6,16,4557,4856,83,0.09721307877989906,0.013385502471169687,0.6488918147904323
random6,17,4981,5397,424,0.10399518169042361,0.01500833796553641,0.6538847620959647
random6,18,5514,5950,533,0.10373594486760972,0.015798319327731094,0.652158142908959
random6,19,5717,6164,203,0.10425048102151478,0.016060999351070734,0.653664509358055
random6,20,5817,6275,100,0.10589651022864019,0.016414342629482073,0.6534296028880866
random6,21,5981,6594,164,0.10851028256144457,0.018198362147406732,0.6562447751212171
random6,22,6280,6927,299,0.11050955414012739,0.01833405514652808,0.6590764331210192
random6,23,6848,7564,568,0.11477803738317757,0.02022739291380222,0.6581483644859814
random6,24,6895,7692,47,0.1173313995649021,0.0234009360374415,0.658158085569253
random6,25,7109,7933,214,0.11844141229427486,0.02332030757594857,0.6594457729638487
random6,26,7404,8321,295,0.11966504592112372,0.023074149741617592,0.6603187466234468
random6,27,7646,8569,242,0.12058592728223907,0.02333994631812347,0.6624378760136019
random6,28,7781,8768,135,0.12350597609561753,0.02383667883211679,0.6630253180825086
random6,29,8254,9238,473,0.12478798158468621,0.023814678501840224,0.6613763023988369
random6,30,8352,9337,98,0.125,0.02399057513119846,0.6616379310344828
random7,1,259,341,259,0.0,0.0,0.694980694980695
random7,2,346,433,87,0.002890173410404624,0.0,0.7109826589595376
random7,3,883,925,537,0.01812004530011325,0.001081081081081081,0.6715741789354474
random7,4,1052,1071,169,0.03802281368821293,0.0028011204481792717,0.6539923954372624
random7,5,1222,1282,170,0.06464811783960721,0.0031201248049922,0.648936170212766
random7,6,1662,1772,440,0.08303249097472924,0.004514672686230248,0.6714801444043321
random7,7,2159,2323,497,0.09078276980083372,0.008179078777442962,0.6553960166743863
random7,8,2611,2823,452,0.09421677518192263,0.012398157987956075,0.6702412868632708
random7,9,2936,3160,325,0.10047683923705722,0.012658227848101266,0.667574931880109
random7,10,3351,3577,415,0.10176066845717696,0.015376013419066257,0.6639809012235154
random7,11,3608,3776,257,0.09839246119733924,0.014830508474576272,0.6518847006651884
random7,12,3675,3846,67,0.09768707482993197,0.014560582423296931,0.6557823129251701
random7,13,3938,4095,263,0.09979685119349924,0.01562881562881563,0.6574403250380904
random7,14,4462,4577,524,0.10578216046615867,0.01551234433034739,0.6499327655759749
random7,15,4782,4970,320,0.10936846507737348,0.015492957746478873,0.6520284399832706
random7,16,4842,5039,60,0.10945890128046262,0.015479261758285375,0.650970673275506
random7,17,5285,5580,443,0.11220435193945127,0.016129032258064516,0.6573320719016084
random7,18,5829,6141,544,0.11031051638359925,0.015958312978342288,0.6546577457539887
random7,19,5952,6241,123,0.11155913978494623,0.016183303957699086,0.6522177419354839
random7,20,6168,6484,216,0.11365110246433204,0.01650215916101172,0.6540207522697795
random7,21,6215,6620,47,0.1164923572003218,0.019788519637462237,0.6553499597747385
random7,22,6731,7197,516,0.1114247511513891,0.01861886897318327,0.6582974298024068
random7,23,6832,7308,101,0.11270491803278689,0.018883415435139574,0.6570550351288056
random7,24,6983,7502,151,0.11370471144207361,0.018528392428685685,0.6575970213375341
random7,25,7130,7703,147,0.11654978962131837,0.018953654420355705,0.65890603085554
random7,26,7449,8281,319,0.12189555645053027,0.022219538703055187,0.6603570949120687
random7,27,7983,8913,534,0.1250156582738319,0.023561090541905083,0.6586496304647376
random7,28,8085,9014,102,0.12529375386518243,0.023518970490348345,0.6594928880643166
random7,29,8159,9123,74,0.1248927564652531,0.024005261427162118,0.6602524819218042
random7,30,8352,9337,193,0.125,0.02399057513119846,0.6616379310344828
random8,1,210,196,210,0.0,0.0,0.5714285714285714
random8,2,789,757,579,0.005069708491761723,0.0,0.6286438529784537
random8,3,1292,1270,503,0.03715170278637771,0.0031496062992125984,0.6439628482972136
random8,4,1852,1753,560,0.06317494600431965,0.0068454078722190535,0.6209503239740821
random8,5,1989,1869,137,0.06334841628959276,0.006420545746388443,0.6143790849673203
random8,6,2286,2126,297,0.06780402449693788,0.00658513640639699,0.6137357830271216
random8,7,2753,2611,467,0.07809662186705413,0.008425890463423975,0.6265891754449692
random8,8,3200,3156,447,0.0890625,0.011723700887198986,0.634375
random8,9,3535,3495,335,0.0942008486562942,0.011444921316165951,0.6356435643564357
random8,10,3594,3643,59,0.09961046188091263,0.01564644523744167,0.6360601001669449
random8,11,3760,3845,166,0.1023936170212766,0.017165149544863458,0.6340425531914894
random8,12,3843,3957,83,0.10174342961228207,0.017690169320192066,0.6359614884205048
random8,13,3912,4027,69,0.10250511247443762,0.017382666997765087,0.6359918200408998
random8,14,4326,4516,414,0.10656495607951919,0.016607617360496013,0.6449375866851595
random8,15,4849,5094,523,0.1004330789853578,0.015312131919905771,0.6502371623015054
random8,16,5091,5339,242,0.10037320762129248,0.015171380408316164,0.6511490866234532
random8,17,5476,5751,385,0.10482103725346968,0.017214397496087636,0.6533966398831264
random8,18,5809,6345,333,0.11585470821139611,0.02017336485421592,0.6615596488207953
random8,19,5950,6551,141,0.11680672268907563,0.020302243932224087,0.6603361344537815
random8,20,6073,6651,123,0.11756957022888194,0.020448052924372274,0.6578297381854108
random8,21,6224,6962,151,0.12146529562982006,0.02240735420856076,0.6603470437017995
random8,22,6288,7030,64,0.12102417302798982,0.022475106685633,0.6606234096692112
random8,23,6810,7583,522,0.12011747430249634,0.022550441777660555,0.6622613803230544
random8,24,7046,7778,236,0.11893272778881635,0.022370789406016972,0.6572523417541868
random8,25,7589,8410,543,0.12359994729213335,0.023781212841854936,0.6572670971142442
random8,26,7654,8501,65,0.12333420433760126,0.023526643924244205,0.6582179252678338
random8,27,7939,8888,285,0.12457488348658521,0.023402340234023402,0.660032749716589
random8,28,8133,9102,194,0.12455428501168081,0.023401450230718525,0.6615025205951064
random8,29,8234,9203,101,0.12460529511780423,0.023361947191133325,0.6615253825601166
random8,30,8352,9337,118,0.125,0.02399057513119846,0.6616379310344828
random9,1,88,92,88,0.0,0.0,0.7613636363636364
random9,2,322,310,234,0.003105590062111801,0.0,0.6273291925465838
random9,3,868,865,546,0.03225806451612903,0.008092485549132947,0.6025345622119815
random9,4,1345,1297,477,0.036431226765799254,0.005397070161912105,0.6037174721189591
random9,5,1435,1413,90,0.04390243902439024,0.005661712668082095,0.6111498257839721
random9,6,1511,1569,76,0.06882859033752482,0.015933715742511154,0.6267372600926538
random9,7,1787,1768,276,0.05931729155008394,0.014705882352941176,0.5819809736989368
random9,8,1938,1870,151,0.06553147574819401,0.017112299465240642,0.5624355005159959
random9,9,2532,2437,594,0.06516587677725119,0.013951579811243332,0.5983412322274881
random9,10,3082,2918,550,0.07430240103828682,0.013708019191226868,0.5953926022063595
random9,11,3328,3162,246,0.07842548076923077,0.013915243516761544,0.6057692307692307
random9,12,3492,3358,164,0.08104238258877434,0.013103037522334724,0.6102520045819015
random9,13,3652,3569,160,0.08488499452354874,0.012608573830204538,0.6117196056955093
random9,14,3878,3787,226,0.08586900464156781,0.012146818061790335,0.6157813305827746
random9,15,3937,3852,59,0.08686817373634748,0.0132398753894081,0.6169672339344678
random9,16,4258,4247,321,0.0927665570690465,0.013892159171179657,0.6284640676373885
random9,17,4427,4562,169,0.09780889993223402,0.016878562034195528,0.634289586627513
random9,18,4809,5033,382,0.10958619255562486,0.018875422213391616,0.6406737367436057
random9,19,4912,5134,103,0.10993485342019543,0.01889365017530191,0.6398615635179153
random9,20,5038,5272,126,0.11214767764986106,0.019726858877086494,0.6407304485907106
random9,21,5565,5851,527,0.10494159928122192,0.017945650316185266,0.6465408805031446
random9,22,5818,6100,253,0.107081471295978,0.018688524590163933,0.6490202818838089
random9,23,6120,6437,302,0.1099673202614379,0.018331520894826783,0.6534313725490196
random9,24,6689,7080,569,0.11406787262670055,0.02062146892655367,0.6498729256989086
random9,25,7021,7658,332,0.11978350662298817,0.023635413946200053,0.6520438683948155
random9,26,7411,8143,390,0.12130616650924302,0.022964509394572025,0.6564566185400081
random9,27,7510,8253,99,0.12197070572569907,0.023264267539076698,0.6552596537949401
random9,28,7568,8321,58,0.12209302325581395,0.023314505468092776,0.6544661733615222
random9,29,7936,8809,368,0.1237399193548387,0.023385174253604268,0.6588961693548387
random9,30,8352,9337,416,0.125,0.02399057513119846,0.6616379310344828
random10,1,406,342,406,0.0,0.0,0.6182266009852216
random10,2,978,904,572,0.002044989775051125,0.0,0.6032719836400818
random10,3,1063,995,85,0.004703668861712135,0.0010050251256281408,0.6171213546566322
random10,4,1533,1627,470,0.06718851924331376,0.006760909649661954,0.6510110893672537
random10,5,1759,1846,226,0.0756111426947129,0.005958829902491874,0.6503695281409893
random10,6,1851,1962,92,0.07725553754727174,0.0061162079510703364,0.6537007023230686
random10,7,2037,2168,186,0.08492881688757978,0.01107011070110701,0.6494845360824743
random10,8,2616,2727,579,0.08256880733944955,0.0121012101210121,0.6399082568807339
random10,9,2762,2835,146,0.08472121650977553,0.01164021164021164,0.6292541636495294
random10,10,3021,3033,259,0.08242303872889771,0.01153972964061985,0.6156901688182721
random10,11,3644,3686,623,0.09440175631174534,0.016006511123168747,0.6221185510428101
random10,12,4175,4165,531,0.0962874251497006,0.01680672268907563,0.6189221556886227
random10,13,4701,4744,526,0.09040629653265263,0.01496627318718381,0.6258242927036801
random10,14,5086,5236,385,0.09673613841918993,0.016997708174178762,0.6350766810853323
random10,15,5494,5658,408,0.09938114306516199,0.017497348886532343,0.6405169275573352
random10,16,5873,6118,379,0.10641920653839605,0.019941157240928407,0.643112548952835
random10,17,6020,6326,147,0.10813953488372093,0.019601644008852354,0.6425249169435215
random10,18,6122,6427,102,0.10878797778503757,0.01960479228255796,0.6435805292388108
random10,19,6272,6622,150,0.11017219387755102,0.019027484143763214,0.6450892857142857
random10,20,6397,6758,125,0.11114584961700798,0.020124297129328204,0.6454588088166328
random10,21,6823,7291,426,0.11343983584933313,0.021121931147990672,0.6492745126777077
random10,22,6865,7424,42,0.11609613983976694,0.023168103448275863,0.650109249817917
random10,23,6964,7534,99,0.11731763354394026,0.023493496150783118,0.6499138426191844
random10,24,7253,7921,289,0.12022611333241418,0.023481883600555486,0.6528333103543361
random10,25,7311,7986,58,0.12009301053207495,0.0236664162283997,0.653125427438107
random10,26,7374,8054,63,0.12028749660970979,0.023714924261236652,0.6529698942229455
random10,27,7587,8296,213,0.12112824568340583,0.0235053037608486,0.6549360748649005
random10,28,7976,8781,389,0.12211634904714143,0.022890331397335154,0.6593530591775326
random10,29,8116,9089,140,0.12370625924100542,0.023764990648036086,0.661163134549039
random10,30,8352,9337,236,0.125,0.02399057513119846,0.6616379310344828
random11,1,573,643,573,0.0,0.0,0.6474694589877836
random11,2,650,734,77,0.016923076923076923,0.0013623978201634877,0.6661538461538462
random11,3,921,933,271,0.023887079261672096,0.0021436227224008574,0.5646036916395223
random11,4,1407,1412,486,0.05543710021321962,0.0113314447592068,0.5920398009950248
random11,5,1622,1750,215,0.07151664611590629,0.010285714285714285,0.6109741060419236
random11,6,1981,2143,359,0.07925290257445734,0.013065795613625758,0.6128218071680969
random11,7,2046,2286,65,0.09335288367546432,0.023184601924759404,0.6202346041055719
random11,8,2285,2529,239,0.09584245076586433,0.022143139580862,0.6332603938730853
random11,9,2726,3031,441,0.09427732942039618,0.02111514351699109,0.6371973587674248
random11,10,3195,3570,469,0.09921752738654147,0.021848739495798318,0.6444444444444445
random11,11,3313,3682,118,0.10141865378810745,0.022270505160239002,0.6386960458798672
random11,12,3726,4100,413,0.10681696188942566,0.023170731707317073,0.6419753086419753
random11,13,3880,4294,154,0.11005154639175257,0.022589659990684675,0.6443298969072165
random11,14,3995,4397,115,0.10913642052565707,0.022060495792585854,0.6420525657071339
random11,15,4127,4498,132,0.11024957596316937,0.022454424188528235,0.6360552459413618
random11,16,4554,4987,427,0.11023276240667546,0.020653699619009425,0.6438296003513395
random11,17,5097,5543,543,0.10771041789287816,0.020927295688255458,0.6466548950362958
random11,18,5233,5751,136,0.11064399006306135,0.020692053555903322,0.6460921077775654
random11,19,5534,6084,301,0.11402240693892302,0.020710059171597635,0.6512468377303939
random11,20,5784,6332,250,0.11410788381742738,0.021320277953253315,0.6524896265560166
random11,21,5934,6535,150,0.11779575328614762,0.021882172915072686,0.654196157735086
random11,22,6129,6750,195,0.1179637787567303,0.021777777777777778,0.656550823951705
random11,23,6683,7386,554,0.12240011970671855,0.023016517736257784,0.656441717791411
random11,24,6741,7454,58,0.12268209464471147,0.023074859136034343,0.6555407209612817
random11,25,6798,7519,57,0.12297734627831715,0.023274371591967016,0.6557811120917917
random11,26,6922,7655,124,0.12453048251950304,0.023905943827563683,0.6550130020225369
random11,27,7401,8128,479,0.12633427915146603,0.02374507874015748,0.6535603296851776
random11,28,7912,8705,511,0.12120829120323559,0.0225157955198162,0.6579878665318504
random11,29,8278,9228,366,0.1253926069098816,0.023515387949718247,0.660908431988403
random11,30,8352,9337,74,0.125,0.02399057513119846,0.6616379310344828
random12,1,139,174,139,0.0,0.0,0.6546762589928058
random12,2,288,290,149,0.006944444444444444,0.0,0.5763888888888888
random12,3,682,631,394,0.020527859237536656,0.001584786053882726,0.6011730205278593
random12,4,808,734,126,0.023514851485148515,0.0013623978201634877,0.5903465346534653
random12,5,1112,993,304,0.04316546762589928,0.0010070493454179255,0.5836330935251799
random12,6,1567,1475,455,0.07530312699425654,0.008135593220338983,0.6119974473516273
random12,7,1748,1670,181,0.07723112128146453,0.007784431137724551,0.6104118993135011
random12,8,1905,1813,157,0.08503937007874016,0.009376723662437948,0.6115485564304461
random12,9,2063,2022,158,0.0930683470673776,0.009396636993076163,0.6151236063984489
random12,10,2254,2233,191,0.09494232475598935,0.011195700850873265,0.6149068322981367
random12,11,2384,2336,130,0.09773489932885907,0.012414383561643835,0.610738255033557
random12,12,2873,2879,489,0.0991994430908458,0.01667245571378951,0.6153846153846154
random12,13,3111,3125,238,0.1018964963034394,0.016,0.6181292189006751
random12,14,3668,3691,557,0.10087241003271538,0.014630181522622595,0.6292257360959651
random12,15,3737,3782,69,0.10115065560610115,0.014278159703860392,0.6323253947016323
random12,16,3795,3847,58,0.10197628458498023,0.015336625942292695,0.6350461133069829
random12,17,4270,4388,475,0.10398126463700234,0.016636280765724702,0.6398126463700234
random12,18,4779,4866,509,0.10839087675245868,0.016440608302507192,0.6371625863151287
random12,19,4941,5184,162,0.11313499291641368,0.018132716049382717,0.6429872495446266
random12,20,5249,5573,308,0.1164031244046485,0.01866140319397093,0.6509811392646219
random12,21,5650,6067,401,0.11787610619469027,0.019284654689302787,0.6548672566371682
random12,22,5854,6284,204,0.1180389477280492,0.01893698281349459,0.6556200888281517
random12,23,6249,6769,395,0.1200192030724916,0.0187620032501108,0.6605856937109937
random12,24,6323,6879,74,0.11972165111497707,0.019334205553132724,0.6615530602562075
random12,25,6558,7074,235,0.11848124428179323,0.019225332202431437,0.6566026227508387
random12,26,6881,7653,323,0.12454585089376544,0.022605514177446752,0.6581892166836215
random12,27,7392,8230,511,0.11931818181818182,0.021385176184690158,0.6620670995670995
random12,28,7760,8638,368,0.12216494845360824,0.02257467006251447,0.6643041237113402
random12,29,8294,9269,534,0.12490957318543526,0.023950803754450318,0.662406558958283
random12,30,8352,9337,58,0.125,0.02399057513119846,0.6616379310344828
random13,1,139,174,139,0.0,0.0,0.6546762589928058
random13,2,239,290,100,0.03347280334728033,0.0034482758620689655,0.6527196652719666
random13,3,762,840,523,0.06955380577427822,0.014285714285714285,0.6220472440944882
random13,4,919,984,157,0.08705114254624592,0.016260162601626018,0.6191512513601741
random13,5,1384,1598,465,0.10838150289017341,0.026282853566958697,0.6524566473988439
random13,6,1491,1697,107,0.10932260228034876,0.027106658809664112,0.6485580147551978
random13,7,1647,1805,156,0.1092896174863388,0.02548476454293629,0.6187006678809958
random13,8,1995,2198,348,0.10877192982456141,0.02456778889899909,0.6290726817042607
random13,9,2442,2623,447,0.10401310401310401,0.023255813953488372,0.6343161343161343
random13,10,2694,2868,252,0.10541945063103192,0.021966527196652718,0.6373422420193021
random13,11,2947,3065,253,0.1011197828299966,0.021207177814029365,0.6202918221920597
random13,12,3176,3283,229,0.10044080604534004,0.020103563813585135,0.6240554156171285
random13,13,3249,3352,73,0.10156971375807941,0.019988066825775655,0.6229609110495538
random13,14,3784,3932,535,0.09275898520084566,0.01703967446592065,0.6360993657505285
random13,15,4217,4421,433,0.09414275551339815,0.0160597149966071,0.6435854873132558
random13,16,4375,4615,158,0.096,0.01581798483206934,0.6464
random13,17,4537,4818,162,0.09962530306369848,0.017227065172270652,0.6488869296892219
random13,18,4949,5318,412,0.10345524348353202,0.017299736743136517,0.6514447363103657
random13,19,5456,5793,507,0.1059384164222874,0.01778007940617987,0.6488269794721407
random13,20,5598,6001,142,0.10843158270811004,0.017663722712881188,0.647374062165059
random13,21,6137,6557,539,0.10754440280267231,0.01799603477199939,0.6475476617239694
random13,22,6291,6867,154,0.11015736766809728,0.01980486384156109,0.6509298998569385
random13,23,6831,7503,540,0.11418533157663592,0.021591363454618154,0.6511491728883033
random13,24,7183,7961,352,0.12014478630098845,0.023112674287149856,0.6537658360016706
random13,25,7241,8026,58,0.12028725314183124,0.023299277348616993,0.6540533075542052
random13,26,7535,8360,294,0.12196416721964168,0.023086124401913877,0.6575978765759788
random13,27,7952,8888,417,0.12336519114688128,0.02373987398739874,0.6605885311871227
random13,28,8051,8998,99,0.1240839647248789,0.02400533451878195,0.6602906471245807
random13,29,8116,9089,65,0.12370625924100542,0.023764990648036086,0.661163134549039
random13,30,8352,9337,236,0.125,0.02399057513119846,0.6616379310344828
random14,1,282,200,282,0.0,0.0,0.34397163120567376
random14,2,357,271,75,0.0,0.0,0.27170868347338933
random14,3,934,831,577,0.006423982869379015,0.0012033694344163659,0.5728051391862955
random14,4,1098,977,164,0.033697632058287796,0.0030706243602865915,0.6092896174863388
random14,5,1598,1529,500,0.05944931163954944,0.008502289077828646,0.6207759699624531
random14,6,1734,1645,136,0.06113033448673587,0.007902735562310031,0.6136101499423299
random14,7,2406,2314,672,0.07647547797173733,0.010803802938634399,0.6155444721529509
random14,8,2729,2707,323,0.08647856357640162,0.012190616919098634,0.6222059362403811
random14,9,3180,3137,451,0.08553459119496855,0.011157156518967166,0.6242138364779874
random14,10,3466,3389,286,0.08770917484131564,0.012393036293892004,0.6252163877668783
random14,11,3864,3882,398,0.09575569358178054,0.015198351365275631,0.6441511387163561
random14,12,4384,4460,520,0.09078467153284671,0.013677130044843049,0.6500912408759124
random14,13,4525,4561,141,0.09171270718232044,0.014689761017320764,0.6415469613259669
random14,14,4982,5052,457,0.09072661581694098,0.013657957244655582,0.6491368928141309
random14,15,5046,5122,64,0.09294490685691637,0.01347130027333073,0.6474435196195006
random14,16,5369,5457,323,0.09592102812441795,0.01392706615356423,0.6511454647047867
random14,17,5741,5924,372,0.10433722348022993,0.015530047265361242,0.6538930499912907
random14,18,5966,6168,225,0.10593362386858866,0.015888456549935148,0.6533690915186054
random14,19,6163,6382,197,0.1062794093785494,0.0161391413350047,0.6552003894207367
random14,20,6656,6859,493,0.11102764423076923,0.016766292462458084,0.6511418269230769
random14,21,6800,7060,144,0.1136764705882353,0.017988668555240794,0.6520588235294118
random14,22,7125,7646,325,0.12210526315789473,0.020925974365681402,0.6550175438596492
random14,23,7266,7961,141,0.12413982934214148,0.021228488883306116,0.6574456372144234
random14,24,7417,8155,151,0.12444384522043953,0.020846106683016553,0.6580827827962789
random14,25,7939,8705,522,0.12281143720871646,0.021367030442274556,0.6586471847839779
random14,26,8005,8796,66,0.12229856339787633,0.021145975443383355,0.6594628357276702
random14,27,8106,8897,101,0.1228719467061436,0.021130718219624593,0.6602516654330126
random14,28,8144,9022,38,0.12487721021611002,0.023608955885612945,0.6613457760314342
random14,29,8278,9228,134,0.1253926069098816,0.023515387949718247,0.660908431988403
random14,30,8352,9337,74,0.125,0.02399057513119846,0.6616379310344828
random15,1,75,71,75,0.0,0.0,0.7066666666666667
random15,2,641,711,566,0.0109204368174727,0.004219409282700422,0.6521060842433697
random15,3,911,956,270,0.03732162458836443,0.009414225941422594,0.6399560922063666
random15,4,1289,1353,378,0.05275407292474787,0.011825572801182557,0.6214119472459271
random15,5,1789,1903,500,0.07490217998882057,0.012611665790856543,0.6389044158747904
random15,6,1965,2097,176,0.07888040712468193,0.01239866475917978,0.6463104325699746
random15,7,2427,2528,462,0.07457766790276062,0.010680379746835443,0.6361763494025546
random15,8,2672,2725,245,0.0752245508982036,0.010642201834862385,0.624625748502994
random15,9,3237,3279,565,0.07568736484399136,0.012808783165599268,0.6308310163731851
random15,10,3511,3532,274,0.07974935915693535,0.013590033975084938,0.632583309598405
random15,11,3733,3750,222,0.08304312885079025,0.013066666666666667,0.635681757299759
random15,12,4264,4328,531,0.07809568480300187,0.01178373382624769,0.6435272045028143
random15,13,4402,4467,138,0.08268968650613358,0.012984105663756436,0.64379827351204
random15,14,4541,4568,139,0.08302136093371504,0.014010507880910683,0.6379652059017837
random15,15,4648,4669,107,0.08433734939759036,0.014135789248233027,0.6387693631669535
random15,16,4799,4880,151,0.08793498645551157,0.013524590163934426,0.6392998541362784
random15,17,4876,4994,77,0.08880229696472519,0.01381657989587505,0.6404840032813782
random15,18,4943,5085,67,0.0888124620675703,0.013569321533923304,0.6425247825207364
random15,19,5317,5544,374,0.097987586985142,0.017496392496392496,0.6454767726161369
random15,20,5418,5655,101,0.09966777408637874,0.01786030061892131,0.6441491325212255
random15,21,5587,5865,169,0.10166457848577054,0.017902813299232736,0.6454268838374798
random15,22,5640,6007,53,0.10585106382978723,0.02097552855002497,0.6476950354609929
random15,23,6239,6653,599,0.10819041513062991,0.021794679092138884,0.6444943099855747
random15,24,6615,7181,376,0.11685563114134542,0.023395070324467346,0.6489795918367347
random15,25,6763,7491,148,0.11932574301345557,0.025096782806033908,0.6514860269111341
random15,26,7133,7979,370,0.12112715547455488,0.025065797719012406,0.6558250385532034
random15,27,7196,8047,63,0.12159533073929961,0.025102522679259352,0.6556420233463035
random15,28,7668,8517,472,0.12323943661971831,0.02500880591757661,0.6549295774647887
random15,29,8064,9004,396,0.12338789682539683,0.0241003998223012,0.6579861111111112
random15,30,8352,9337,288,0.125,0.02399057513119846,0.6616379310344828
random16,1,573,643,573,0.0,0.0,0.6474694589877836
random16,2,1127,1223,554,0.023070097604259095,0.0008176614881439084,0.6637089618456078
random16,3,1629,1716,502,0.028852056476365868,0.0011655011655011655,0.6666666666666666
random16,4,1979,2053,350,0.046488125315816066,0.0034096444227959084,0.6609398686205155
random16,5,2065,2210,86,0.061501210653753025,0.01085972850678733,0.6624697336561743
random16,6,2270,2535,205,0.07004405286343612,0.015384615384615385,0.6682819383259911
random16,7,2387,2649,117,0.07582739840804358,0.015477538693846734,0.6594051110180142
random16,8,2481,2765,94,0.07496977025392987,0.014828209764918625,0.6594115276098348
random16,9,2658,2960,177,0.07750188111361926,0.013851351351351352,0.6576373212942062
random16,10,2836,3169,178,0.0807475317348378,0.014200063111391607,0.655148095909732
random16,11,3172,3559,336,0.08669609079445145,0.015453779151447036,0.6592055485498108
random16,12,3326,3768,154,0.09170174383644017,0.015127388535031847,0.6578472639807577
random16,13,3392,3836,66,0.09109669811320754,0.015380604796663191,0.6586084905660378
random16,14,3809,4333,417,0.09687582042530848,0.01661666282021694,0.6608033604620636
random16,15,4229,4759,420,0.09789548356585481,0.016389997898718218,0.6583116576022701
random16,16,4297,4850,68,0.0982080521293926,0.016082474226804123,0.6606935070979754
random16,17,4664,5311,367,0.10999142367066896,0.019393711165505555,0.6661663807890223
random16,18,5072,5841,408,0.1167192429022082,0.02122924156822462,0.6693611987381703
random16,19,5179,5942,107,0.11681791851708824,0.021204981487714575,0.6700135161228036
random16,20,5382,6157,203,0.11538461538461539,0.021114178983271073,0.6711259754738016
random16,21,5603,6401,221,0.11654470819203998,0.020621777847211375,0.6698197394253079
random16,22,6046,6935,443,0.11759841217333775,0.021341023792357607,0.6705259675818723
random16,23,6287,7184,241,0.1199300143152537,0.02185412026726058,0.6718625735644982
random16,24,6410,7319,123,0.12152886115444618,0.022680694083891242,0.671606864274571
random16,25,6885,7790,475,0.12418300653594772,0.022593068035943516,0.6701525054466231
random16,26,7422,8423,537,0.1267852330908111,0.023863231627686096,0.6672056049582323
random16,27,7656,8619,234,0.12578369905956113,0.023552616312797307,0.6630094043887147
random16,28,7776,8719,120,0.12641460905349794,0.02362656267920633,0.6612654320987654
random16,29,8294,9269,518,0.12490957318543526,0.023950803754450318,0.662406558958283
random16,30,8352,9337,58,0.125,0.02399057513119846,0.6616379310344828
random17,1,210,196,210,0.0,0.0,0.5714285714285714
random17,2,495,447,285,0.026262626262626262,0.0,0.5878787878787879
random17,3,575,539,80,0.034782608695652174,0.0,0.6313043478260869
random17,4,1093,1174,518,0.06038426349496798,0.0068143100511073255,0.6431838975297347
random17,5,1580,1686,487,0.07025316455696203,0.00771055753262159,0.6531645569620254
random17,6,1877,1943,297,0.07085775173148641,0.007720020586721565,0.6451784762919552
random17,7,2323,2369,446,0.07447266465777012,0.008864499788940482,0.646147223417994
random17,8,2399,2524,76,0.08336807002917883,0.01386687797147385,0.6465193830762818
random17,9,2520,2627,121,0.08174603174603175,0.013323182337266844,0.6420634920634921
random17,10,2863,2964,343,0.08697170799860286,0.013157894736842105,0.6486203283269298
random17,11,2948,3078,85,0.08853459972862958,0.01364522417153996,0.6492537313432836
random17,12,3283,3470,335,0.09290283277490101,0.014697406340057636,0.6500152299725861
random17,13,3720,3959,437,0.09435483870967742,0.01414498610760293,0.6548387096774193
random17,14,4143,4497,423,0.10596186338402123,0.01645541472092506,0.6615978759353126
random17,15,4504,4959,361,0.11900532859680284,0.019560395240976004,0.6642984014209592
random17,16,4611,5069,107,0.11971372804163956,0.020122312093115012,0.6608111038820212
random17,17,5179,5709,568,0.12434832979339641,0.02207041513399895,0.6609384050975091
random17,18,5378,5924,199,0.12365191521011529,0.021944632005401754,0.6630717738936408
random17,19,5518,6123,140,0.12758245741210583,0.02286460885187,0.6638274737223632
random17,20,5670,6433,152,0.12962962962962962,0.024249961137882792,0.6666666666666666
random17,21,5908,6629,238,0.12796208530805686,0.023834665862120984,0.6601218686526743
random17,22,6439,7183,531,0.12579593104519335,0.023945426701935123,0.6615934151265724
random17,23,6562,7283,123,0.1264858274916184,0.02402855965948098,0.6597074062785736
random17,24,6697,7490,135,0.12722114379572944,0.02376502002670227,0.6591010900403166
random17,25,6824,7626,127,0.12793083235638922,0.024390243902439025,0.6589976553341149
random17,26,7257,8157,433,0.1281521289789169,0.025131788647787177,0.6606035551880942
random17,27,7766,8734,509,0.12348699459181045,0.02381497595603389,0.6639196497553438
random17,28,7824,8802,58,0.12359406952965235,0.023858214042263123,0.6630879345603272
random17,29,8295,9272,471,0.1250150693188668,0.023835202761000863,0.6614828209764919
random17,30,8352,9337,57,0.125,0.02399057513119846,0.6616379310344828
random18,1,580,581,580,0.0,0.0,0.6741379310344827
random18,2,1145,1141,565,0.01572052401746725,0.0008764241893076249,0.6655021834061136
random18,3,1768,1709,623,0.019796380090497737,0.0017554125219426564,0.6334841628959276
random18,4,2277,2201,509,0.031181379007465964,0.001817355747387551,0.6411945542380325
random18,5,2748,2712,471,0.04621542940320233,0.003687315634218289,0.6495633187772926
random18,6,2972,2929,224,0.05383580080753701,0.004096961420279959,0.6514131897711979
random18,7,3402,3348,430,0.06143445032333921,0.007467144563918757,0.6493239271017048
random18,8,3471,3439,69,0.06251800633823106,0.007269555103227682,0.65139729184673
random18,9,3561,3555,90,0.06346531873069362,0.0073136427566807315,0.6537489469250211
random18,10,3829,3804,268,0.06816401149125098,0.009200841219768665,0.6539566466440324
random18,11,3990,4014,161,0.07167919799498747,0.009217737917289488,0.6538847117794486
random18,12,4173,4342,183,0.07836089144500359,0.011054813450023031,0.6578001437814522
random18,13,4344,4550,171,0.0817219152854512,0.012087912087912088,0.6551565377532228
random18,14,4450,4651,106,0.08382022471910112,0.0122554289400129,0.655505617977528
random18,15,4704,4848,254,0.08269557823129252,0.01216996699669967,0.6473214285714286
random18,16,5287,5495,583,0.09419330433137886,0.015468607825295723,0.6500851144316248
random18,17,5596,5832,309,0.09721229449606862,0.015089163237311385,0.6526090064331665
random18,18,5726,5974,130,0.09902200488997555,0.015400066956812855,0.6522878099895215
random18,19,5783,6039,57,0.09994812381117067,0.016062261963901307,0.6526024554729379
random18,20,6179,6525,396,0.10276743809677942,0.015938697318007664,0.6594918271564978
random18,21,6525,7110,346,0.11157088122605364,0.020253164556962026,0.660536398467433
random18,22,7012,7582,487,0.11351968054763263,0.020970720126615668,0.6577296063890473
random18,23,7057,7712,45,0.1160549808700581,0.023599585062240663,0.6586368145104152
random18,24,7156,7822,99,0.11682504192286193,0.023906929174124264,0.6573504751257686
random18,25,7448,8211,292,0.11882384532760473,0.023383266350018268,0.6593716433941997
random18,26,7569,8311,121,0.11956665345488175,0.023462880519793044,0.6574184172281675
random18,27,7934,8834,365,0.12389715149987396,0.024450984831333483,0.6607007814469372
random18,28,8082,9028,148,0.12422667656520663,0.024036331413380595,0.6613462014352883
random18,29,8294,9269,212,0.12490957318543526,0.023950803754450318,0.662406558958283
random18,30,8352,9337,58,0.125,0.02399057513119846,0.6616379310344828
random19,1,583,561,583,0.0,0.0,0.6500857632933105
random19,2,796,773,213,0.0037688442211055275,0.0,0.6369346733668342
random19,3,889,889,93,0.020247469066366704,0.0011248593925759281,0.641169853768279
random19,4,1157,1139,268,0.03975799481417459,0.001755926251097454,0.6309420916162489
random19,5,1240,1208,83,0.04435483870967742,0.0024834437086092716,0.6217741935483871
random19,6,1607,1548,367,0.05040448039825762,0.003229974160206718,0.6297448662103298
random19,7,2166,2128,559,0.0443213296398892,0.002819548872180451,0.6426592797783933
random19,8,2362,2342,196,0.04995766299745978,0.004269854824935952,0.6384419983065199
random19,9,2544,2537,182,0.05345911949685535,0.003941663381947182,0.6348270440251572
random19,10,2990,2967,446,0.05752508361204013,0.004044489383215369,0.6341137123745819
random19,11,3061,3121,71,0.06664488729173473,0.008971483498878564,0.6360666448872917
random19,12,3251,3446,190,0.07382343894186404,0.011027278003482298,0.6428791141187327
random19,13,3679,3945,428,0.08154389779831477,0.013181242078580482,0.6512639304158738
random19,14,3817,4047,138,0.0840974587372282,0.0143316036570299,0.643699240241027
random19,15,3887,4138,70,0.08489837921276049,0.014258095698405027,0.6467712889117572
random19,16,4093,4355,206,0.08893232347911068,0.014006888633754305,0.649401417053506
random19,17,4673,5003,580,0.1010057778728868,0.017189686188287027,0.6518296597474855
random19,18,4806,5145,133,0.10258010819808573,0.017298347910592808,0.6521015397419891
random19,19,5183,5610,377,0.11016785645379124,0.0196078431372549,0.6557978005016399
random19,20,5285,5709,102,0.110879848628193,0.019968470835522858,0.6563859981078524
random19,21,5521,5905,236,0.11103061039666727,0.01981371718882303,0.651331280565115
random19,22,5588,5975,67,0.1104151753758053,0.019581589958158997,0.6517537580529706
random19,23,5699,6086,111,0.1105457097736445,0.019881695695037793,0.6501140550973855
random19,24,6098,6613,399,0.11544768776648082,0.021624073794042038,0.6534929485077074
random19,25,6353,6861,255,0.11585077915945223,0.0220084535781956,0.6533920982213127
random19,26,6838,7333,485,0.1181632056156771,0.022091913268784943,0.6522374963439602
random19,27,7155,7915,317,0.12522711390635918,0.024636765634870498,0.6554856743535988
random19,28,7681,8465,526,0.12290066397604478,0.02492616656822209,0.6565551360499935
random19,29,8068,8950,387,0.12382250867625186,0.024245810055865923,0.6598909271194844
random19,30,8352,9337,284,0.125,0.02399057513119846,0.6616379310344828
random20,1,654,491,654,0.0,0.0,0.4801223241590214
random20,2,739,583,85,0.0040595399188092015,0.0,0.5155615696887687
random20,3,833,653,94,0.006002400960384154,0.0,0.5126050420168067
random20,4,1107,853,274,0.011743450767841012,0.0,0.4995483288166215
random20,5,1488,1195,381,0.023521505376344086,0.0,0.5403225806451613
random20,6,2002,1752,514,0.04595404595404595,0.0028538812785388126,0.5749250749250749
random20,7,2361,2152,359,0.05717916137229987,0.004182156133828996,0.5942397289284201
random20,8,2514,2260,153,0.059665871121718374,0.003982300884955752,0.5807478122513922
random20,9,2681,2454,167,0.06527415143603134,0.004482477587612062,0.5863483774710929
random20,10,2857,2663,176,0.07385369268463424,0.007510326699211416,0.591529576478824
random20,11,3285,3087,428,0.07945205479452055,0.009070294784580499,0.5993911719939117
random20,12,3353,3157,68,0.07903370116313749,0.008869179600886918,0.6048314941843126
random20,13,3599,3403,246,0.08141150319533204,0.00969732588892154,0.6101694915254238
random20,14,3988,3879,389,0.09804413239719158,0.011858726475895849,0.623370110330993
random20,15,4098,3982,110,0.09858467545143973,0.011551983927674536,0.623718887262079
random20,16,4553,4523,455,0.10498572369866023,0.01392880831306655,0.6329892378651438
random20,17,4712,4845,159,0.11078098471986418,0.015479876160990712,0.6396434634974533
random20,18,4825,4956,113,0.11170984455958549,0.015940274414850686,0.6393782383419689
random20,19,5025,5171,200,0.11223880597014925,0.01605105395474763,0.6417910447761194
random20,20,5569,5731,544,0.11079188364158736,0.01605304484383179,0.6448195367211349
random20,21,5970,6227,401,0.1135678391959799,0.016540870403083347,0.6497487437185929
random20,22,6015,6363,45,0.11704073150457191,0.019644821625019643,0.6517040731504572
random20,23,6091,6473,76,0.11672960105073059,0.02023791132396107,0.6524380233130849
random20,24,6608,7050,517,0.1110774818401937,0.01900709219858156,0.6564769975786925
random20,25,6935,7632,327,0.11809661139149243,0.022143605870020965,0.6601297764960347
random20,26,7054,7766,119,0.11893960873263397,0.022920422353850115,0.6603345619506663
random20,27,7294,8014,240,0.12037290924047161,0.02333416521088096,0.6606800109679188
random20,28,7684,8500,390,0.1215512753774076,0.02258823529411765,0.663977095262884
random20,29,8218,9131,534,0.12448284254076418,0.024093746577592817,0.6620832319299099
random20,30,8352,9337,134,0.125,0.02399057513119846,0.6616379310344828
