no,id,a,b,relation,edge_descriptions,correct,note
1,m027,cryptographically relevant quantum computer (CRQC),elliptic curve discrete logarithm,elliptic curve discrete logarithms are efficiently solvable on a CRQC,CRQC can solve elliptic curve discrete logarithms efficiently.,1,
2,g021,two-step attack,Kyber,the two-step attack recovers Kyber's secret key,An improved attack on Kyber. || Proposed attack targets Kyber. || The attack increases time taken for Kyber at high security levels. || The attack is performed on Kyber. || The attack targets Kyber.,1,
3,g019,quantum key distribution (QKD),key management system,QKD may need integration with classical key management systems,Custom key management systems are needed for QKD. || Key management systems are fundamental components of QKD networks. || QKD supplies generated keys to KMS.,1,
4,g007,multivariate quadratic (MQ) cryptography,digital signature,MQ schemes are mainly used for digital signatures,MQ-based schemes are used in digital signatures.,1,
5,g001,Shor's algorithm,Elliptic Curve Cryptography (ECC),Shor's algorithm threatens ECC,"Breaks ECC. || Compromised by Shor’s algorithm. || ECC is vulnerable to Shor’s algorithm. || ECC relies on the discrete logarithm problem over elliptic curves, which Shor’s algorithm solves exponentially faster. || Elliptic Curve Cryptography is rendered insecure by Shor's algorithm.",1,
6,g043,quantum algorithm,classical computer,quantum algorithms solve problems believed hard for classical computers,Quantum algorithms could solve problems that classical computers find hard.,1,
7,g042,quantum generative adversarial network (QGAN),discriminator,a QGAN has a quantum or classical discriminator,QGANs pair a parameterized quantum generator with a discriminator.,1,
8,g002,Kyber,RSA,Kyber outperforms RSA in key exchange speed,Current guidelines suggest transitioning away from RSA in favor of Kyber.,0,"cạnh nói chuyển từ RSA sang Kyber, không nói về tốc độ trao đổi khoá"
9,q044,inter-domain trust relationship,certificate transparency log,inter-domain trust relationships persist in certificate transparency logs,Certificate transparency log stores inter-domain trust relationships.,1,
10,q001,Shor's algorithm,integer factorization,Shor's algorithm efficiently factors large integers,Shor's Algorithm breaks Integer Factorization. || Shor's algorithm provides a quantum speedup in integer factorization. || Shor’s Algorithm solves integer factorization problem. || Shor’s algorithm can solve integer factorization issues. || Shor’s algorithm solves the integer factorization problem.,1,
11,q082,quantum computer,RSA-2048,quantum computers capable of breaking RSA-2048 may be a decade away,A quantum computer could break RSA-2048. || Quantum computers can break RSA-2048.,1,
12,m027,NIST,post-quantum cryptography (PQC),NIST standardized a first set of PQC algorithms,NIST has finalized the PQC standards. || NIST has published guidelines for migration to PQC. || NIST initiated a process to establish a new PQC standard. || NIST is progressing toward defining standardized PQC algorithms. || NIST is standardizing PQC to replace RSA and ECC.,1,
13,g040,Number Theoretic Transform (NTT),Dilithium,the NTT-optimized accelerator speeds up Dilithium by 9.6x,Dilithium algorithms have yielded speedups for NTT operations.,1,
14,g045,intercept-resend attack,BB84,measuring and resending all photons induces errors in 1/4 of BB84 bits,BB84 is insecure due to intercept-resend attack.,1,
15,g034,quantum key distribution (QKD),discrete-variable QKD (DV-QKD),DV protocols are one category of QKD protocols,Modern QKD schemes fall into two main categories: DV-QKD and CV-QKD.,1,
16,q006,photonic QGAN,Fock-space encoding,the photonic QGAN uses Fock-space encoding,Used in the photonic QGAN.,1,
17,g037,SPHINCS+ (SLH-DSA),hash function,SPHINCS+ security relies solely on the collision resistance of hash functions,Based on hash function properties for security.,1,
18,m037,Quantum Gaussian Mixture Model (QGMM),Gaussian mixture model,QGMMs are quantum extensions of Gaussian mixture models,QGMMS are quantum extensions of classical Gaussian mixture models.,1,
19,q057,qubit,superposition,a qubit is in a superposition state alpha|0> + beta|1>,A qubit in superposition encodes information about both possibilities simultaneously. || Qubits can exist in a superposition of states. || Qubits exist in a superposition of both states simultaneously. || Qubits exist in a superposition of|0⟩ and|1⟩ states. || Qubits exploit superposition to be in multiple states simultaneously.,1,
20,m005,OpenSSL,CRYSTALS-Dilithium,OpenSSL plans to integrate Dilithium,OpenSSL supports CRYSTALS-Dilithium.,0,"cạnh nói OpenSSL đã hỗ trợ Dilithium, ngược với đáp án chuẩn (chỉ dự định tích hợp)"
21,g046,quantum machine learning (QML),adversarial attack,QML-based applications face adversarial threats,Adversarial attacks can be classiﬁed into attacks against QML-based 6G core functions and QML-based 6G applications. || Adversarial attacks target QML algorithms. || QML can simulate realistic attack traces for adversarial attacks. || QML-based 6G core functions and applications are vulnerable to adversarial attacks.,1,
22,g011,Kyber,side-channel leakage,three side-channel leakage points were reported in Kyber's decryption,Kyber is vulnerable to side-channel leakage during decryption.,1,
23,m003,Quantum Random Number Generation (QRNG),quantum key distribution (QKD),QRNG produces the true random numbers QKD needs for key setting and growth,QRNG is used for quantum key generation.,1,
24,g034,quantum key distribution (QKD),continuous-variable QKD (CV-QKD),CV protocols are one category of QKD protocols,CV-QKD is a protocol for QKD. || Modern QKD schemes fall into two main categories: DV-QKD and CV-QKD. || QKD protocols include CV-QKD.,1,
25,g001,Shor's algorithm,RSA,Shor's algorithm threatens RSA,Algorithm endangers RSA security. || Compromised by Shor’s algorithm. || RSA is rendered insecure by Shor's algorithm. || Shor's algorithm can break RSA. || Shor's algorithm demonstrates that a CRQC can efficiently solve the problems on which RSA depends.,1,
26,g028,MbedTLS,Dilithium,MbedTLS intends to add Dilithium later,MbedTLS can be used with LMS for embedded devices. || MbedTLS does not yet have Dilithium implemented.,1,
27,q064,jamming attack,quantum key distribution (QKD),the jamming attack disrupts QKD and halts key exchange,A jamming attack can disrupt quantum key distribution protocols.,1,
28,m068,Learning With Errors (LWE),shortest vector problem (SVP),LWE together with SVP is believed resistant to quantum algorithms,LWE's security relies on the determination to be provably reducible to solving SVP.,1,
29,m068,Learning With Errors (LWE),Ring-LWE,Ring-LWE is a ring variant of LWE used for efficiency,Proposed algorithms prefer Ring-LWE over LWE. || Ring-LWE is a formulation of LWE. || Ring-LWE is a variant of LWE. || Ring-LWE is a variation of LWE.,1,
30,q017,Amazon Web Services (AWS),post-quantum cryptography (PQC),AWS released tools for experimenting with PQC,AWS is expected to play a leading role in early PQC adoption. || Major hosts like AWS need to support PQC.,0,"cạnh nói AWS sẽ dẫn đầu áp dụng PQC, không nói về việc phát hành công cụ thử nghiệm PQC"
31,g037,FIPS 205,SPHINCS+ (SLH-DSA),FIPS 205 is SLH-DSA (SPHINCS+),SLH-DSA standardized as FIPS 205.,1,
32,q049,CRYSTALS-Kyber,CPAPKE.Enc,Kyber encapsulation uses the CPAPKE.Enc function,CPAPKE.Enc is modified to improve security by using a hash of the message and public key.,0,"cạnh nói CPAPKE.Enc được sửa để tăng bảo mật, không nói Kyber dùng CPAPKE.Enc khi đóng gói khoá"
33,g050,quantum generative adversarial network (QGAN),stochastic approximation,QGAN gradients may be estimated by stochastic approximation,Gradients are typically estimated using stochastic approximation in QGANs.,1,
34,g035,Shor's algorithm,Quantum Fourier Transform (QFT),the QFT is at the core of Shor's algorithm,At the core of Shor’s algorithm is the Quantum Fourier Transform. || QFT is a fundamental component in Shor’s algorithm. || Quantum Fourier Transform (QFT) is the quantum component of Shor’s algorithm. || Shor’s algorithm is a different algorithm from the Quantum Fourier Transform Algorithm. || Shor’s algorithm uses QFT to infer the period r.,1,
35,m027,cryptographically relevant quantum computer (CRQC),RSA-2048,CRQCs able to break RSA-2048 could emerge within the next decade,CRQC can break RSA-2048. || CRQC capable of breaking RSA-2048.,1,
36,g035,RSA,integer factorization,RSA's security rests on the difficulty of factoring large numbers,RSA’s security relies on integer factorization.,1,
37,q006,photonic QGAN,Ascella,the photonic QGAN is implemented on Quandela's Ascella photonic processor,Implemented on the Ascella photonic processor.,1,
38,g019,quantum key distribution (QKD),man-in-the-middle attack,without authentication a man-in-the-middle could impersonate a QKD endpoint,An adversary can launch a man-in-the-middle attack on a QKD session.,1,
39,g011,Kyber,side-channel attack,side-channel attacks were completed on Kyber hardware implementations,Kyber mechanism guards against side-channel attacks. || SCAs can exploit leakage points in Kyber.,1,
40,m068,Module-LWE,ML-DSA,Module-LWE underlies ML-DSA,Dilithium is based on Module-LWE. || ML-DSA is based on M-LWE. || Security of ML-DSA relies on the hardness of MLWE.,1,
