type,compare,metric,n_pairs,diff,ci95,significant
S10,k10 − k30,context_precision,15,-0.0167,"[-0.150, 0.133]",False
S10,k10 − k30,faithfulness,13,0.0057,"[-0.100, 0.106]",False
S10,k10 − k30,answer_relevancy,15,0.0442,"[-0.027, 0.161]",False
S10,k10 − k30,hallucination_rate,15,-0.1333,"[-0.467, 0.200]",False
S10,k10 − k30,answer_correctness,15,0.0667,"[-0.133, 0.333]",False
S10,k20 − k30,context_precision,15,-0.1,"[-0.217, 0.017]",False
S10,k20 − k30,faithfulness,12,0.0309,"[-0.067, 0.125]",False
S10,k20 − k30,answer_relevancy,15,-0.0161,"[-0.188, 0.140]",False
S10,k20 − k30,hallucination_rate,15,0.0,"[-0.267, 0.267]",False
S10,k20 − k30,answer_correctness,15,0.0667,"[0.000, 0.200]",False
S10,k10 − k20,context_precision,15,0.0833,"[-0.050, 0.233]",False
S10,k10 − k20,faithfulness,13,0.0008,"[-0.104, 0.102]",False
S10,k10 − k20,answer_relevancy,15,0.0603,"[-0.006, 0.184]",False
S10,k10 − k20,hallucination_rate,15,-0.1333,"[-0.400, 0.133]",False
S10,k10 − k20,answer_correctness,15,0.0,"[-0.200, 0.200]",False
S20,k20 − k30,context_precision,37,-0.0203,"[-0.088, 0.041]",False
S20,k20 − k30,faithfulness,32,-0.0066,"[-0.065, 0.049]",False
S20,k20 − k30,answer_relevancy,37,-0.0025,"[-0.072, 0.064]",False
S20,k20 − k30,hallucination_rate,37,0.0,"[-0.162, 0.162]",False
S20,k20 − k30,answer_correctness,37,0.027,"[0.000, 0.081]",False
all,k10 − k30,context_precision,62,-0.0363,"[-0.109, 0.040]",False
all,k10 − k30,faithfulness,37,-0.0871,"[-0.166, -0.014]",True
all,k10 − k30,answer_relevancy,62,-0.24,"[-0.341, -0.134]",True
all,k10 − k30,hallucination_rate,62,-0.129,"[-0.274, 0.016]",False
all,k10 − k30,answer_correctness,62,-0.2742,"[-0.419, -0.145]",True
all,k20 − k30,context_precision,62,-0.0282,"[-0.085, 0.024]",False
all,k20 − k30,faithfulness,47,-0.0324,"[-0.082, 0.018]",False
all,k20 − k30,answer_relevancy,62,-0.1088,"[-0.194, -0.039]",True
all,k20 − k30,hallucination_rate,62,0.0,"[-0.145, 0.145]",False
all,k20 − k30,answer_correctness,62,-0.0645,"[-0.161, 0.032]",False
