type,system,k,n,context_precision,context_precision_ci95,faithfulness,faithfulness_ci95,answer_relevancy,answer_relevancy_ci95,hallucination_rate,hallucination_rate_ci95,answer_correctness,answer_correctness_ci95,context_ap,context_ap_ci95,source_precision,source_precision_ci95,retrieval_hit,retrieval_hit_ci95,gold_chunk_recall,gold_chunk_recall_ci95,context_recall,context_recall_ci95,kg_relation_precision,kg_relation_precision_ci95,faithfulness_text,faithfulness_text_ci95,hallucination_rate_text,hallucination_rate_text_ci95,refusal_rate,refusal_rate_ci95,latency_s,latency_s_ci95,llm_calls,llm_calls_ci95
in_scope,k10,10,15,0.45,"[0.333, 0.567]",0.7827,"[0.639, 0.911]",0.7582,"[0.635, 0.833]",0.4667,"[0.200, 0.733]",0.8667,"[0.667, 1.000]",0.6759,"[0.520, 0.824]",0.7833,"[0.633, 0.900]",0.8,"[0.600, 1.000]",0.5667,"[0.333, 0.800]",0.7508,"[0.615, 0.878]",0.25,"[0.144, 0.361]",0.7606,"[0.594, 0.895]",0.5333,"[0.267, 0.733]",0.0667,"[0.000, 0.200]",14.862,"[13.986, 15.722]",1.0,"[1.000, 1.000]"
in_scope,k20,20,37,0.4595,"[0.385, 0.534]",0.8401,"[0.787, 0.891]",0.7338,"[0.643, 0.807]",0.5135,"[0.351, 0.676]",0.8649,"[0.757, 0.973]",0.5848,"[0.494, 0.677]",0.6486,"[0.541, 0.750]",0.7027,"[0.541, 0.838]",0.4865,"[0.351, 0.622]",0.7435,"[0.663, 0.818]",0.2523,"[0.185, 0.327]",0.8229,"[0.747, 0.889]",0.4865,"[0.324, 0.649]",0.1081,"[0.027, 0.216]",15.0473,"[14.505, 15.626]",1.0,"[1.000, 1.000]"
in_scope,k30,30,62,0.4879,"[0.427, 0.544]",0.8468,"[0.808, 0.884]",0.7404,"[0.673, 0.797]",0.5323,"[0.403, 0.661]",0.8226,"[0.710, 0.919]",0.6241,"[0.555, 0.692]",0.5847,"[0.496, 0.673]",0.5161,"[0.387, 0.645]",0.3871,"[0.290, 0.484]",0.6917,"[0.630, 0.754]",0.3212,"[0.266, 0.380]",0.7799,"[0.725, 0.833]",0.5968,"[0.468, 0.726]",0.0968,"[0.032, 0.177]",15.185,"[14.715, 15.660]",1.0,"[1.000, 1.000]"
in_scope_single,k10,10,10,0.4,"[0.250, 0.550]",0.8333,"[0.648, 1.000]",0.7254,"[0.552, 0.838]",0.3,"[0.000, 0.600]",0.9,"[0.700, 1.000]",0.7222,"[0.506, 0.900]",0.7,"[0.500, 0.875]",0.9,"[0.700, 1.000]",0.7,"[0.400, 1.000]",0.8586,"[0.721, 0.980]",0.1917,"[0.100, 0.283]",0.8852,"[0.759, 1.000]",0.3,"[0.100, 0.600]",0.1,"[0.000, 0.300]",14.118,"[13.372, 14.898]",1.0,"[1.000, 1.000]"
in_scope_single,k20,20,18,0.3472,"[0.236, 0.458]",0.8956,"[0.817, 0.967]",0.6834,"[0.526, 0.811]",0.2778,"[0.056, 0.500]",0.7778,"[0.556, 0.944]",0.5108,"[0.341, 0.676]",0.5694,"[0.389, 0.750]",0.7778,"[0.556, 0.944]",0.6111,"[0.389, 0.833]",0.8329,"[0.740, 0.916]",0.1759,"[0.102, 0.259]",0.9344,"[0.863, 1.000]",0.1667,"[0.000, 0.333]",0.1667,"[0.000, 0.333]",14.7011,"[13.756, 15.863]",1.0,"[1.000, 1.000]"
in_scope_single,k30,30,27,0.4352,"[0.352, 0.528]",0.9036,"[0.847, 0.958]",0.7043,"[0.583, 0.804]",0.3333,"[0.185, 0.519]",0.7407,"[0.556, 0.889]",0.6368,"[0.524, 0.743]",0.537,"[0.389, 0.685]",0.7778,"[0.630, 0.926]",0.4444,"[0.259, 0.630]",0.746,"[0.629, 0.841]",0.2099,"[0.136, 0.296]",0.8975,"[0.836, 0.954]",0.3333,"[0.148, 0.519]",0.1481,"[0.037, 0.296]",14.7881,"[14.021, 15.666]",1.0,"[1.000, 1.000]"
in_scope_multihop,k10,10,5,0.55,"[0.350, 0.800]",0.6914,"[0.441, 0.893]",0.8237,"[0.818, 0.829]",0.8,"[0.400, 1.000]",0.8,"[0.400, 1.000]",0.5833,"[0.350, 0.850]",0.95,"[0.850, 1.000]",0.6,"[0.200, 1.000]",0.3,"[0.000, 0.700]",0.5354,"[0.337, 0.734]",0.3667,"[0.133, 0.583]",0.5364,"[0.265, 0.793]",1.0,"[1.000, 1.000]",0.0,"[0.000, 0.000]",16.35,"[14.974, 17.726]",1.0,"[1.000, 1.000]"
in_scope_multihop,k20,20,19,0.5658,"[0.487, 0.645]",0.7939,"[0.738, 0.856]",0.7815,"[0.689, 0.834]",0.7368,"[0.526, 0.947]",0.9474,"[0.842, 1.000]",0.655,"[0.575, 0.735]",0.7237,"[0.605, 0.829]",0.6316,"[0.421, 0.842]",0.3684,"[0.211, 0.526]",0.6588,"[0.547, 0.771]",0.3246,"[0.224, 0.434]",0.7299,"[0.632, 0.822]",0.7895,"[0.579, 0.947]",0.0526,"[0.000, 0.158]",15.3753,"[14.947, 15.784]",1.0,"[1.000, 1.000]"
in_scope_multihop,k30,30,35,0.5286,"[0.443, 0.607]",0.8072,"[0.759, 0.857]",0.7682,"[0.698, 0.819]",0.6857,"[0.543, 0.829]",0.8857,"[0.771, 0.971]",0.6143,"[0.522, 0.701]",0.6214,"[0.521, 0.721]",0.3143,"[0.171, 0.486]",0.3429,"[0.243, 0.443]",0.6498,"[0.581, 0.717]",0.4071,"[0.340, 0.471]",0.6979,"[0.628, 0.765]",0.8,"[0.657, 0.914]",0.0571,"[0.000, 0.143]",15.4911,"[15.006, 16.035]",1.0,"[1.000, 1.000]"
S10,k10,10,15,0.45,"[0.333, 0.567]",0.7827,"[0.639, 0.911]",0.7582,"[0.635, 0.833]",0.4667,"[0.200, 0.733]",0.8667,"[0.667, 1.000]",0.6759,"[0.520, 0.824]",0.7833,"[0.633, 0.900]",0.8,"[0.600, 1.000]",0.5667,"[0.333, 0.800]",0.7508,"[0.615, 0.878]",0.25,"[0.144, 0.361]",0.7606,"[0.594, 0.895]",0.5333,"[0.267, 0.733]",0.0667,"[0.000, 0.200]",14.862,"[13.986, 15.722]",1.0,"[1.000, 1.000]"
S10,k20,20,15,0.3667,"[0.217, 0.517]",0.8036,"[0.726, 0.883]",0.6978,"[0.534, 0.815]",0.6,"[0.333, 0.800]",0.8667,"[0.667, 1.000]",0.4481,"[0.281, 0.604]",0.55,"[0.417, 0.684]",0.8,"[0.600, 1.000]",0.5333,"[0.300, 0.767]",0.7364,"[0.600, 0.872]",0.2111,"[0.122, 0.300]",0.8155,"[0.701, 0.921]",0.4667,"[0.200, 0.733]",0.1333,"[0.000, 0.333]",14.5427,"[13.875, 15.180]",1.0,"[1.000, 1.000]"
S10,k30,30,15,0.4667,"[0.350, 0.583]",0.7712,"[0.662, 0.875]",0.714,"[0.548, 0.835]",0.6,"[0.333, 0.800]",0.8,"[0.600, 1.000]",0.6093,"[0.454, 0.750]",0.4667,"[0.283, 0.667]",0.5333,"[0.267, 0.800]",0.4667,"[0.233, 0.700]",0.7239,"[0.585, 0.859]",0.2111,"[0.122, 0.300]",0.7319,"[0.618, 0.847]",0.6,"[0.333, 0.867]",0.1333,"[0.000, 0.333]",14.42,"[13.643, 15.209]",1.0,"[1.000, 1.000]"
S20,k10,10,37,0.473,"[0.399, 0.554]",0.7707,"[0.666, 0.867]",0.5506,"[0.424, 0.676]",0.3784,"[0.216, 0.541]",0.5946,"[0.432, 0.757]",0.5901,"[0.493, 0.686]",0.4662,"[0.331, 0.601]",0.3243,"[0.189, 0.459]",0.2973,"[0.162, 0.432]",0.6559,"[0.572, 0.742]",0.2568,"[0.187, 0.329]",0.7512,"[0.650, 0.846]",0.4595,"[0.297, 0.622]",0.2973,"[0.162, 0.459]",14.4454,"[13.886, 14.985]",1.0,"[1.000, 1.000]"
S20,k20,20,37,0.4595,"[0.385, 0.534]",0.8401,"[0.787, 0.891]",0.7338,"[0.643, 0.807]",0.5135,"[0.351, 0.676]",0.8649,"[0.757, 0.973]",0.5848,"[0.494, 0.677]",0.6486,"[0.541, 0.750]",0.7027,"[0.541, 0.838]",0.4865,"[0.351, 0.622]",0.7435,"[0.663, 0.818]",0.2523,"[0.185, 0.327]",0.8229,"[0.747, 0.889]",0.4865,"[0.324, 0.649]",0.1081,"[0.027, 0.216]",15.0473,"[14.505, 15.626]",1.0,"[1.000, 1.000]"
S20,k30,30,37,0.4797,"[0.405, 0.561]",0.845,"[0.789, 0.900]",0.7363,"[0.648, 0.810]",0.5135,"[0.378, 0.676]",0.8378,"[0.703, 0.946]",0.6441,"[0.562, 0.733]",0.5541,"[0.432, 0.676]",0.5405,"[0.378, 0.703]",0.4459,"[0.311, 0.581]",0.7235,"[0.640, 0.800]",0.295,"[0.223, 0.372]",0.7761,"[0.704, 0.844]",0.5946,"[0.432, 0.757]",0.1081,"[0.027, 0.216]",14.8038,"[14.324, 15.284]",1.0,"[1.000, 1.000]"
all,k10,10,62,0.4516,"[0.391, 0.508]",0.7238,"[0.637, 0.808]",0.5004,"[0.403, 0.599]",0.4032,"[0.290, 0.516]",0.5484,"[0.419, 0.677]",0.56,"[0.481, 0.636]",0.3468,"[0.246, 0.448]",0.1935,"[0.097, 0.290]",0.2177,"[0.129, 0.306]",0.5988,"[0.532, 0.667]",0.2379,"[0.190, 0.290]",0.7249,"[0.639, 0.802]",0.4355,"[0.323, 0.565]",0.371,"[0.258, 0.484]",14.549,"[13.997, 15.161]",1.0,"[1.000, 1.000]"
all,k20,20,62,0.4597,"[0.399, 0.516]",0.8166,"[0.777, 0.856]",0.6316,"[0.531, 0.715]",0.5323,"[0.403, 0.645]",0.7581,"[0.645, 0.871]",0.5614,"[0.487, 0.634]",0.4839,"[0.387, 0.581]",0.4194,"[0.290, 0.548]",0.3387,"[0.242, 0.444]",0.6817,"[0.621, 0.744]",0.2594,"[0.208, 0.316]",0.7912,"[0.734, 0.847]",0.4839,"[0.355, 0.597]",0.2258,"[0.129, 0.339]",15.0947,"[14.592, 15.650]",1.0,"[1.000, 1.000]"
all,k30,30,62,0.4879,"[0.427, 0.544]",0.8468,"[0.808, 0.884]",0.7404,"[0.673, 0.797]",0.5323,"[0.403, 0.661]",0.8226,"[0.710, 0.919]",0.6241,"[0.555, 0.692]",0.5847,"[0.496, 0.673]",0.5161,"[0.387, 0.645]",0.3871,"[0.290, 0.484]",0.6917,"[0.630, 0.754]",0.3212,"[0.266, 0.380]",0.7799,"[0.725, 0.833]",0.5968,"[0.468, 0.726]",0.0968,"[0.032, 0.177]",15.185,"[14.715, 15.660]",1.0,"[1.000, 1.000]"
out_scope,k10,10,47,0.4521,"[0.378, 0.521]",0.6909,"[0.575, 0.804]",0.4181,"[0.301, 0.541]",0.383,"[0.234, 0.532]",0.4468,"[0.298, 0.596]",0.523,"[0.434, 0.608]",0.2074,"[0.112, 0.314]",0.0,"[0.000, 0.000]",0.1064,"[0.053, 0.170]",0.5503,"[0.480, 0.622]",0.234,"[0.172, 0.294]",0.7049,"[0.614, 0.802]",0.4043,"[0.255, 0.553]",0.4681,"[0.319, 0.617]",14.4491,"[13.780, 15.295]",1.0,"[1.000, 1.000]"
out_scope,k20,20,25,0.46,"[0.370, 0.540]",0.7649,"[0.716, 0.819]",0.4802,"[0.318, 0.638]",0.56,"[0.360, 0.760]",0.6,"[0.400, 0.800]",0.5267,"[0.417, 0.634]",0.24,"[0.130, 0.370]",0.0,"[0.000, 0.000]",0.12,"[0.040, 0.200]",0.5901,"[0.506, 0.667]",0.27,"[0.187, 0.357]",0.7215,"[0.641, 0.807]",0.48,"[0.280, 0.680]",0.4,"[0.200, 0.600]",15.1648,"[14.170, 16.336]",1.0,"[1.000, 1.000]"
unanswerable,k10,10,23,,"[nan, nan]",,"[nan, nan]",0.0,"[0.000, 0.000]",0.0,"[0.000, 0.000]",1.0,"[1.000, 1.000]",,"[nan, nan]",,"[nan, nan]",,"[nan, nan]",,"[nan, nan]",,"[nan, nan]",,"[nan, nan]",,"[nan, nan]",0.0,"[0.000, 0.000]",1.0,"[1.000, 1.000]",12.3239,"[12.037, 12.591]",1.0,"[1.000, 1.000]"
unanswerable,k20,20,23,,"[nan, nan]",,"[nan, nan]",0.0,"[0.000, 0.000]",0.0,"[0.000, 0.000]",1.0,"[1.000, 1.000]",,"[nan, nan]",,"[nan, nan]",,"[nan, nan]",,"[nan, nan]",,"[nan, nan]",,"[nan, nan]",,"[nan, nan]",0.0,"[0.000, 0.000]",1.0,"[1.000, 1.000]",12.3017,"[11.944, 12.635]",1.0,"[1.000, 1.000]"
unanswerable,k30,30,23,,"[nan, nan]",,"[nan, nan]",0.0,"[0.000, 0.000]",0.0,"[0.000, 0.000]",1.0,"[1.000, 1.000]",,"[nan, nan]",,"[nan, nan]",,"[nan, nan]",,"[nan, nan]",,"[nan, nan]",,"[nan, nan]",,"[nan, nan]",0.0,"[0.000, 0.000]",1.0,"[1.000, 1.000]",11.91,"[11.550, 12.274]",1.0,"[1.000, 1.000]"
